iso3,country,year,dmc_mt,mf_mt,gdp_2015usd,bloc,gap_rel,gap_abs_mt,g_mf,g_gdp,elasticity,tapio,regime_viterbi,p_regime1,p_regime2,p_regime3
ARG,Argentina,1995,473.702366136,461.0772421176,348389357874.283,MERCOSUR,-0.02738179824364408,-12.625124018399958,-0.05191481875856379,-0.02845209610570785,1.824639512171092,RND,2,0,1,0
ARG,Argentina,1996,472.6096462531,463.0762108828,367643757074.802,MERCOSUR,-0.02058718445528795,-9.533435370300026,0.00433543142580469,0.05526689827152231,0.07844535447791974,WD,2,0,1,0
ARG,Argentina,1997,514.5110954217,518.8620911374,397463514160.866,MERCOSUR,0.0083856496553103,4.3509957156999235,0.12046803300098433,0.08111046770745736,1.4852341061017995,END,1,0.26004295415255635,0.7399570458474437,1.6477018930074916e-21
ARG,Argentina,1998,565.4984168361,571.6827451423001,412766570325.764,MERCOSUR,0.01081776275171768,6.1843283062000864,0.10180095040112053,0.03850178851562289,2.644057700327679,END,1,0.33306620895343686,0.656374975111728,0.01055881593483514
ARG,Argentina,1999,550.0409396553,542.4550271158,398792535409.293,MERCOSUR,-0.01398440821874915,-7.585912539499987,-0.05112576560138236,-0.03385457040632517,1.5101584509201258,RND,3,0.24071967567510089,0.19261396969736294,0.5666663546275362
ARG,Argentina,2000,536.3073800001,529.6869605407,395646066535.875,MERCOSUR,-0.01249873973231639,-6.620419459399955,-0.02353755783771972,-0.00788998939057049,2.9832179325678183,RND,3,0.057400494924342106,0.018648614901777646,0.9239508901738803
ARG,Argentina,2001,524.3390691785,501.6830818328,378202665751.853,MERCOSUR,-0.04515995887868269,-22.655987345700055,-0.05286873341060528,-0.0440883968258542,1.1991530020797248,RC,3,0.06458144775687702,0,0.935418552243123
ARG,Argentina,2002,523.2519733993,422.8293438346,336999433710.193,MERCOSUR,-0.2375015618688537,-100.42262956470006,-0.15717838781830834,-0.10894484828590384,1.4427335508864565,RND,3,0.05576927646162264,0.016395253370211926,0.9278354701681655
ARG,Argentina,2003,562.2954623207,443.4310820118,366780211148.674,MERCOSUR,-0.2680560410191024,-118.86438030890002,0.04872352990065624,0.08837040795769224,0.551355719937186,WD,2,0,1,0
ARG,Argentina,2004,587.7531220975,468.5240685749,399898899166.738,MERCOSUR,-0.2544779692647521,-119.2290535226,0.05658824466984986,0.09029573300681518,0.6266989899243499,WD,2,0,1,0
ARG,Argentina,2005,640.1015234122,509.1084954061,435296589745.339,MERCOSUR,-0.2572988453111767,-130.99302800610002,0.08662186118771831,0.08851659920134447,0.9785945457606624,EC,2,0.09993963160967073,0.9000603683903293,0
ARG,Argentina,2006,641.8998017046999,522.0590177373,470325565798.353,MERCOSUR,-0.22955409234536736,-119.84078396739994,0.02543764727569463,0.08047151500430315,0.31610747323862837,WD,2,0,1,0
ARG,Argentina,2007,689.1296233698,574.2372300923,512690850741.56,MERCOSUR,-0.2000782729796756,-114.8923932775,0.09994696113314933,0.09007650875047396,1.1095785407271728,EC,2,0.09993963160967073,0.9000603683903293,0
ARG,Argentina,2008,696.2621533535,569.3525144486999,533491913656.279,MERCOSUR,-0.22290169215760083,-126.90963890480008,-0.0085064419156782,0.04057233103464237,-0.2096611582020033,SD,1,0.23601510906751919,0.7639848909324809,0
ARG,Argentina,2009,603.8287524425,475.1588415602,501917060966.235,MERCOSUR,-0.2707934686847204,-128.66991088230003,-0.16543998752636932,-0.05918525076349558,2.795290809655736,RND,1,0.21420768466123055,0.28153653541649754,0.5042557799222719
ARG,Argentina,2010,667.7537645771,556.4976839264999,552738161802.463,MERCOSUR,-0.19992191138264356,-111.2560806506001,0.17118242417466353,0.1012539815610031,1.6906241269290752,END,1,0.4701414469760207,0.4279453154958623,0.10191323752811703
ARG,Argentina,2011,728.9419475384001,625.5106557096,585924294024.785,MERCOSUR,-0.16535496379588327,-103.43129182880013,0.12401304403670264,0.06003951692805688,2.065523681433061,END,1,0.6016459784263187,0.3792807293171696,0.019073292256511692
ARG,Argentina,2012,697.9888491468,613.6829185854,579910247223.428,MERCOSUR,-0.1373770199694226,-84.30593056140003,-0.01890892987391591,-0.01026420454432063,1.8422206798654028,RND,1,0.27700736953784955,0.07090319963041704,0.6520894308317334
ARG,Argentina,2013,761.6863893354,676.4437870749,593858966307.156,MERCOSUR,-0.12601579597487148,-85.242602260500007,0.10226921198030092,0.02405323780794282,4.2517856762938475,END,1,0.5875674664302983,0.2850646889449348,0.12736784462476688
ARG,Argentina,2014,756.0932113894,663.9202591458,578937574935.696,MERCOSUR,-0.13883135960060905,-92.1729522436001,-0.01851377478571382,-0.02512615320813782,0.7368328383716775,RD,3,0,0.1190671178263211,0.8809328821736789
ARG,Argentina,2015,766.5911175571999,701.8969174496,594749285413.212,MERCOSUR,-0.09217051464290744,-64.69420010759995,0.05720063182385911,0.02731159828289299,2.094371454624372,END,1,0.5795418989996128,0.2906117922818939,0.12984630871849337
ARG,Argentina,2016,748.9774058954,690.1869699752001,582376550428.09,MERCOSUR,-0.08518044888954131,-58.79043592019991,-0.01668328665261693,-0.02080327843778056,0.8019546872150035,RC,1,0.32792760542471017,0,0.6720723945752899
ARG,Argentina,2017,839.423293986,785.0265707007001,598790850843.677,MERCOSUR,-0.06929284347247815,-54.39672328529991,0.1374114621852507,0.02818502977759202,4.875335001224554,END,1,0.6206911532871613,0.26217029356628974,0.11713855314654902
ARG,Argentina,2018,788.2230021898,701.8486142017,583118120294.002,MERCOSUR,-0.12306697803534795,-86.37438798810001,-0.1059555938657681,-0.02617396462820478,4.048129328928315,RND,3,0.283643665259096,0.04864472639483755,0.6677116083460664
ARG,Argentina,2019,840.1114680553,700.5992194234001,571450737224.442,MERCOSUR,-0.1991327491725152,-139.5122486318999,-0.00178014852921097,-0.02000861002857768,0.08896912512505573,RD,3,0,0.027749164385221427,0.9722508356147787
ARG,Argentina,2020,812.9563175219,691.6068828817,514874343768.066,MERCOSUR,-0.17546013153393808,-121.3494346402,-0.01283520776557651,-0.09900484813646358,0.12964221456998826,RD,3,0,0.027749164385221424,0.9722508356147785
ARG,Argentina,2021,856.3663646732,705.7275585269,568636554720.066,MERCOSUR,-0.2134517836610148,-150.6388061463,0.02041719941589322,0.10441811988250511,0.19553310707822905,WD,2,0,1,0
ARG,Argentina,2022,877.6391606131999,736.2864459048001,602872713790.916,MERCOSUR,-0.19198060142842335,-141.35271470839984,0.04330125274077032,0.06020745375348597,0.7192008637014186,WD,2,0,1,0
ARG,Argentina,2023,894.8842822874,747.4613395427001,591684674129.454,MERCOSUR,-0.1972315288371889,-147.42294274469987,0.01517737247514795,-0.01855788030463457,-0.8178397654260986,SND,2,0,1,1.86768988559133e-20
ARG,Argentina,2024,912.3304993142,760.5593607329,583738758865.705,MERCOSUR,-0.19955199609278151,-151.77113858130008,0.01752334267644309,-0.01342930721577308,-1.3048582771165922,SND,2,0,1,2.0828768903682692e-20
AUT,Austria,1995,156.770567243,215.7503186968,267089386116.812,EU,0.273370402463627,58.97975145379999,0.0176631422397652,0.02667983888825172,0.6620408134302131,WD,2,0,1,0
AUT,Austria,1996,163.6604656518,211.8221824096,273007464944.44,EU,0.22736861744097145,48.16171675780001,-0.01820686203815219,0.02215767130873448,-0.8216956459217403,SD,2,0.23601510906751916,0.7639848909324808,0
AUT,Austria,1997,161.3861872938,212.3730790296,278865754830.707,EU,0.24008170889067157,50.986891735800015,0.00260075037341809,0.02145835055264585,0.12119992014472046,WD,2,0,1,0
AUT,Austria,1998,161.1523860273,220.0769197174,288606201090.647,EU,0.2677451763945297,58.92453369010002,0.03627503411920792,0.03492880029623287,1.0385422290934008,EC,2,0.09993963160967073,0.9000603683903293,0
AUT,Austria,1999,157.938856943,219.7574061123,299463348050.583,EU,0.28130359864963833,61.81854916930001,-0.00145182695900265,0.03761924351904679,-0.03859266756035622,SD,2,0.23601510906751919,0.7639848909324809,0
AUT,Austria,2000,150.90795085640002,212.298085761,309014800203.266,EU,0.2891695169296604,61.39013490459999,-0.03394343100085621,0.03189522929887776,-1.0642165536038497,SD,2,0.2816676147798261,0.7183323852201738,0
AUT,Austria,2001,142.7411303692,209.6095608825,313084486481.847,EU,0.3190142197320101,66.86843051330001,-0.01266391483871729,0.01316987495713475,-0.9615820104545972,SD,2,0.33230967507362946,0.6676903249263706,0
AUT,Austria,2002,145.6166928711,209.7540270386,317731814841.85,EU,0.30577403005329234,64.13733416749997,6.892154894640674e-4,0.01484368776053184,0.0464315539765418,WD,2,0,1,0
AUT,Austria,2003,153.1616729809,224.1525068165,321358930178.288,EU,0.3167077399393793,70.99083383560003,0.0686445928175211,0.01141565045427835,6.013200307109484,END,2,0.26004295415255635,0.7399570458474437,1.6477018930074916e-21
AUT,Austria,2004,161.1895675919,231.2072156292,329602607297.434,EU,0.30283504711025655,70.01764803730003,0.03147280801314107,0.02565255340678553,1.226887924724717,END,2,0.33306620895343686,0.656374975111728,0.01055881593483514
AUT,Austria,2005,171.5990440075,223.8284877167,337250591306.488,EU,0.23334582761112543,52.229443709199984,-0.03191391709994753,0.02320365142667818,-1.3753834046677154,SD,2,0.3917544466649588,0.6082455533350412,0
AUT,Austria,2006,180.2157816307,232.4395273482,348276446349.075,EU,0.22467669898187145,52.22374571750001,0.03847159813901339,0.0326933601506036,1.1767404133986852,EC,2,0.22710350279254976,0.7728964972074501,0
AUT,Austria,2007,180.3860727,237.3427590708,361424664731.668,EU,0.23997650736759857,56.956686370800014,0.02109465536494086,0.03775224687291845,0.558765559993016,WD,2,0,1,0
AUT,Austria,2008,194.8791301684,239.9192141667,366677269701.416,EU,0.1877302080816478,45.04008399830002,0.01085541899818991,0.0145330562142118,0.7469467425285571,WD,2,0,1,0
AUT,Austria,2009,177.1678370074,217.6940865372,353527252121.64,EU,0.18616146251117752,40.5262495298,-0.0926358804012153,-0.03586264725512986,2.5830742427405293,RND,2,0.37478016580461104,0.625219834195389,1.7633614458113954e-19
AUT,Austria,2010,173.7201035249,218.0871903325,359922497999.326,EU,0.20343738089319724,44.3670868076,0.00180576239599792,0.01808982430436657,0.09982199747302356,WD,2,0,1,0
AUT,Austria,2011,188.0941540224,221.7035769628,370459113959.145,EU,0.15159621419206673,33.60942294039998,0.01658229731322779,0.02927468001691509,0.5664382088428103,WD,2,0,1,0
AUT,Austria,2012,181.3881080448,216.7359636939,372786509411.403,EU,0.16309178710655678,35.347855649099955,-0.02240655444965389,0.00628246239479659,-3.566524245049513,SD,1,0.23601510906751916,0.7639848909324808,0
AUT,Austria,2013,178.22562091409998,210.5216245091,371851835129.742,EU,0.153409435587953,32.296003595,-0.02867239510640983,-0.00250726423318477,11.43572932079424,RND,1,0.21420768466123058,0.28153653541649754,0.5042557799222719
AUT,Austria,2014,170.9392742225,208.5589133516,374662287024.534,EU,0.1803789563559854,37.619639129099994,-0.00932308574986868,0.0075579885031666,-1.2335406101719462,SD,1,0.4912837093591462,0.5087162906408538,0
AUT,Austria,2015,160.43764742570002,199.3910260473,379546097300.633,EU,0.19536174417578545,38.953378621599995,-0.0439582617542905,0.01303523318262132,-3.372265086358103,SD,1,0.550719651725181,0.44928034827481905,0
AUT,Austria,2016,167.33067318579998,208.4247511449,387581921834.297,EU,0.1971650570931031,41.09407795910002,0.0453065781177986,0.02117219644943138,2.139909207153393,END,1,0.6262918045737484,0.3538535848166402,0.019854610609611384
AUT,Austria,2017,151.2509979466,203.8346834926,396388751744.592,EU,0.25797221868725295,52.583685546,-0.02202266106633815,0.02272249920382037,-0.9692006530089544,SD,1,0.6919775147633476,0.3080224852366525,0
AUT,Austria,2018,143.3164788965,210.6487530389,406235924915.185,EU,0.31964240552597006,67.3322741424,0.03342939204233799,0.0248422114080016,1.3456689299234643,END,1,0.7462767432293053,0.2300649012954683,0.02365835547522645
AUT,Austria,2019,145.89891785,205.05392524649997,413365268699.049,EU,0.2884851256828583,59.15500739649997,-0.02655998533903897,0.01754976196492837,-1.5134100047691084,SD,1,0.8045820813588549,0.19541791864114513,0
AUT,Austria,2020,138.938024934,202.9947245718,387247796560.501,EU,0.3155584450429543,64.0566996378,-0.01004223972901064,-0.06318255092099401,0.15894008049101813,RD,3,0,0.06337570211299098,0.936624297887009
AUT,Austria,2021,136.02275398429998,225.048397415,406312360757.929,EU,0.3955844362958625,89.0256434307,0.10864160578419146,0.04923091717178957,2.206775986014853,END,1,0.5795418989996128,0.2906117922818938,0.12984630871849337
AUT,Austria,2022,141.1464114102,222.5778590896,427972725600.496,EU,0.3658560110717001,81.43144767940001,-0.01097780901253974,0.05330963794003715,-0.20592540930192813,SD,1,0.7168108870377455,0.28318911296225446,0
AUT,Austria,2023,145.7646556347,231.5324001873,424607814488.72,EU,0.3704351722835227,85.76774455259999,0.04023105053811889,-0.00786244288594474,-5.116863946959504,SND,3,0,0.5071459898006306,0.49285401019936936
AUT,Austria,2024,150.41903737799998,236.2417712042,421809268656.554,EU,0.3632834844944399,85.82273382620002,0.02034000862553285,-0.00659089573171362,-3.0860765294256116,SND,3,0,0.4798953852173608,0.5201046147826391
BEL,Belgium,1995,199.3905857342,401.0420621204,319396952810.439,EU,0.5028187699814406,201.65147638620004,0.01221986819788087,0.02384757248701436,0.512415601400726,WD,2,0,1,0
BEL,Belgium,1996,200.861008058,390.3530164371,323617566812.874,EU,0.48543754089225544,189.4920083791,-0.02665317853889086,0.01321432144326034,-2.016991841263608,SD,2,0.23601510906751916,0.7639848909324808,0
BEL,Belgium,1997,195.1697380413,389.6569290223,335894554716.996,EU,0.499124169224948,194.487190981,-0.00178322540236385,0.03793671655414458,-0.04700526467067253,SD,2,0.28166761477982616,0.7183323852201738,0
BEL,Belgium,1998,197.5274757165,394.0990145266,342484242936.573,EU,0.4987871868855745,196.5715388101,0.01139999105224631,0.01961832404555974,0.5810889363317706,WD,2,0,1,0
BEL,Belgium,1999,201.37257970860003,450.9349406659,354617493817.972,EU,0.5534331861460299,249.56236095729997,0.14421737696444764,0.03542717988239251,4.0708116605161795,END,1,0.26004295415255635,0.7399570458474437,1.6477018930074916e-21
BEL,Belgium,2000,193.850212639,413.890827703,367797580320.048,EU,0.5316392641150697,220.040615064,-0.08214957330251807,0.03716705106725906,-2.2102795606209584,SD,1,0.3084666139446441,0.6915333860553559,0
BEL,Belgium,2001,179.7687084436,369.4764875616,371841895842.954,EU,0.5134502072648709,189.70777911800005,-0.10730931242881007,0.01099603624196425,-9.758908580101323,SD,1,0.36150215104527067,0.6384978489547293,0
BEL,Belgium,2002,179.5587198788,390.4201702985,378188843981.109,EU,0.5400885160684286,210.8614504197,0.05668475110586908,0.01706894303496032,3.3209291864041224,END,1,0.44347213206256697,0.5424689796779754,0.01405888825945766
BEL,Belgium,2003,179.99105789840002,383.9731733451,382114274683.528,EU,0.5312405386804689,203.9821154467,-0.0165129710088259,0.01037955181622196,-1.590913683095464,SD,1,0.509236838751413,0.49076316124858704,0
BEL,Belgium,2004,178.18000704370002,454.3413683588,395760365336.901,EU,0.6078279033068618,276.16136131509995,0.18326331082108135,0.03571206719423098,5.131691476283014,END,1,0.588532416230186,0.39281001573196156,0.01865756803785241
BEL,Belgium,2005,148.04797964160002,474.0958728321,404948883847.345,EU,0.6877256518661344,326.04789319049996,0.04347943165434925,0.02321737929118296,1.8727105720696475,END,1,0.6693678718858479,0.30941192635864156,0.02122020175551059
BEL,Belgium,2006,172.4243301334,490.3823491194,415284559725.448,EU,0.6483879763555326,317.95801898600007,0.03435270632079054,0.02552340873224706,1.3459294046953951,END,1,0.7397346177397607,0.23681442428439822,0.023450957975841118
BEL,Belgium,2007,166.6396177786,488.5863632884,430554259966.472,EU,0.6589351846477202,321.94674550979994,-0.00366241940442008,0.03676924625158002,-0.09960550671507735,SD,1,0.7985831062278443,0.20141689377215566,0
BEL,Belgium,2008,175.2082391507,540.544176647,432478429044.827,EU,0.6758669379484982,365.33593749629995,0.10634315089946672,0.00446905130727281,23.795464313960036,END,1,0.8289269770177763,0.14479450196007584,0.026278521022147967
BEL,Belgium,2009,170.2468037292,377.6268542035,424233482718.834,EU,0.5491665864487079,207.3800504743,-0.30139501909737976,-0.01906441055153398,15.809301750120383,RND,3,0.2913769597870546,0.02270686339058201,0.6859161768223633
BEL,Belgium,2010,180.4564163855,512.5447614395,435731531598.616,EU,0.6479206696432097,332.088345054,0.3572783707889955,0.02710311502546468,13.182188484730084,END,2,0.5875674664302983,0.28506468894493486,0.1273678446247669
BEL,Belgium,2011,182.9359183818,467.6886889561,444146182962.729,EU,0.6088510953939889,284.75277057430003,-0.08751640024067389,0.01931155024113408,-4.531816407688585,SD,2,0.7234665340725984,0.2765334659274015,0
BEL,Belgium,2012,176.6893781162,451.8743512712,445104666468.521,EU,0.6089856004901749,275.18497315499997,-0.03381381260299078,0.00215803612089676,-15.668788986228632,SD,2,0.768555013624921,0.23144498637507904,0
BEL,Belgium,2013,171.14472966780002,406.3977569846,446464436962.24,EU,0.5788738330209697,235.25302731679997,-0.10063991053855248,0.00305494549070327,-32.94327536933703,SD,2,0.8082404627532216,0.1917595372467784,0
BEL,Belgium,2014,165.9985375842,410.3501615894,454346946885.841,EU,0.595471007148525,244.3516240052,0.00972545870854736,0.01765540381499116,0.5508488398486532,WD,2,0,1,0
BEL,Belgium,2015,161.18403384779998,366.6291551677,461044767544.531,EU,0.5603622036712472,205.4451213199,-0.10654560547108452,0.01474164337319271,-7.227525641058096,SD,1,0.23601510906751916,0.7639848909324808,0
BEL,Belgium,2016,163.50250311050002,461.6309338934,466547349432.055,EU,0.6458155398479946,298.1284307829,0.25912226942847805,0.01193502730077618,21.711074712969136,END,1,0.30547934269574595,0.6848363961432254,0.009684261161028605
BEL,Belgium,2017,170.96448982980002,430.5320005865,473426439010.72,EU,0.602899460209925,259.56751075669996,-0.06736752462537839,0.01474467615567668,-4.568938911516343,SD,1,0.3615021510452707,0.6384978489547294,0
BEL,Belgium,2018,211.1052487647,464.1253416633,482317238282.145,EU,0.5451546601438401,253.0200928986,0.07802751254503006,0.01877968473835854,4.1548893728580305,END,1,0.4434721320625669,0.5424689796779754,0.01405888825945766
BEL,Belgium,2019,201.3308390558,460.4081713099,494099718080.569,EU,0.5627122809680011,259.07733225410004,-0.00800897951419468,0.02442890044815578,-0.32784854689599063,SD,1,0.5092368387514129,0.4907631612485871,0
BEL,Belgium,2020,194.656788041,432.9011379797,470417598101.755,EU,0.5503435519956337,238.24434993870003,-0.05974488517860176,-0.04792983908351939,1.2465071095793636,RND,1,0.26699787379734957,0.10447555722266069,0.6285265689799897
BEL,Belgium,2021,207.1999753424,510.87204798079995,499839663858.827,EU,0.5944190406162382,303.6720726383999,0.18011250874733484,0.06254456864665976,2.8797465974202363,END,1,0.5875674664302982,0.28506468894493486,0.12736784462476688
BEL,Belgium,2022,216.4868864904,505.3360278316,519614510458.488,EU,0.5715981553515064,288.84914134120004,-0.0108364123092677,0.03956237975793391,-0.2739069888002516,SD,1,0.7234665340725985,0.2765334659274016,0
BEL,Belgium,2023,224.9108264287,533.7180389862,528521336864.414,EU,0.5785961687637179,308.80721255749995,0.05616463024888085,0.01714121955152288,3.276583097256403,END,1,0.7713529463303228,0.20419373609451213,0.024453317575164973
BEL,Belgium,2024,233.104819477,553.3192066770999,534178915343.837,EU,0.5787154744240918,320.21438720009996,0.03672569832590345,0.01070454130194248,3.430852129949659,END,1,0.8230191853959293,0.15088958152239693,0.02609123308167375
BGR,Bulgaria,1995,113.8754139163,64.2945303111,33809161451.1369,EU,-0.7711524349784418,-49.5808836052,0.09409242432935708,0.02897139149209007,3.2477702824542174,END,2,0,1,0
BGR,Bulgaria,1996,93.5965101039,47.202788504,35569061221.1998,EU,-0.982859764650738,-46.393721599900005,-0.2658350830840308,0.05205393137615711,-5.106916539368138,SD,2,0.23601510906751916,0.7639848909324808,0
BGR,Bulgaria,1997,93.6772351927,54.1519698515,30548352778.3154,EU,-0.7298952457240141,-39.5252653412,0.1472197208627012,-0.1411538081272712,-1.042973780274923,SND,2,0,0.8939685858594858,0.10603141414051422
BGR,Bulgaria,1998,98.387395196,60.4992375083,31705866815.773,EU,-0.6262584331331789,-37.8881576877,0.11721212864843146,0.03789120958034946,3.0933857732854784,END,2,0.2570434358123114,0.7314218608152401,0.011534703372448494
BGR,Bulgaria,1999,94.8038349728,67.3210188191,29043813399.5103,EU,-0.4082352976200459,-27.4828161537,0.1127581369908028,-0.08396090956069947,-1.3429837478033082,SND,2,0,0.8811146688316286,0.11888533116837142
BGR,Bulgaria,2000,96.6669370204,67.5513386946,30376118589.1044,EU,-0.43101437941047743,-29.115598325799994,0.00342121791292106,0.04587225414471795,0.07458142131249525,WD,2,0,1,0
BGR,Bulgaria,2001,102.8823135621,74.7139218618,31537611343.1357,EU,-0.37701663891240633,-28.168391700299992,0.10603169834401176,0.03823703646087012,2.773010362675971,END,2,0.26004295415255635,0.7399570458474437,1.6477018930074916e-21
BGR,Bulgaria,2002,99.6392837646,76.4639435288,33389478145.9504,EU,-0.30308847760475555,-23.175340235799993,0.02342296620751688,0.0587193108148239,0.3988971580641181,WD,2,0,1,0
BGR,Bulgaria,2003,93.5686481684,71.5045742471,35138136419.3122,EU,-0.308568705619485,-22.064073921300007,-0.06485892634915003,0.05237153649775999,-1.2384384856060913,SD,2,0.23601510906751916,0.7639848909324808,0
BGR,Bulgaria,2004,106.6105286955,79.61148552060001,37425778712.9317,EU,-0.3391350255348998,-26.999043174899995,0.1133761211623298,0.06510425784453933,1.741454782159679,END,2,0.30547934269574595,0.6848363961432254,0.009684261161028605
BGR,Bulgaria,2005,111.7306231054,84.217611544,40066672175.5903,EU,-0.3266895255872422,-27.51301156140001,0.05785755652314908,0.07056348734692042,0.8199361836908157,EC,2,0.16908953980132452,0.8309104601986755,0
BGR,Bulgaria,2006,126.6246753411,94.2316289358,42792243384.376404,EU,-0.3437598051856811,-32.3930464053,0.11890645208535898,0.0680258943603156,1.747958673730068,END,2,0.25826280857987544,0.7348916086259968,0.006845582794127771
BGR,Bulgaria,2007,124.0908771756,98.6860793646,45639805260.6518,EU,-0.2574304093806471,-25.40479781100001,0.04727128756136454,0.0665438792422613,0.7103776951335753,WD,2,0,1,0
BGR,Bulgaria,2008,141.1135044551,108.4156825202,48437323784.9572,EU,-0.3015967909329701,-32.69782193490002,0.09859144489521716,0.06129558415792076,1.608459177764063,END,1,0.26004295415255635,0.7399570458474437,1.6477018930074916e-21
BGR,Bulgaria,2009,117.1030858845,92.3749227614,46816058020.3321,EU,-0.26769346467516586,-24.728163123100003,-0.14795608334441174,-0.0334714149737687,4.420371336567749,RND,1,0.2217586107004572,0.2562103455949873,0.5220310437045556
BGR,Bulgaria,2010,114.6227448106,84.8319813326,47544216166.3084,EU,-0.3511737320056173,-29.790763478,-0.08165572650364279,0.01555359799110095,-5.249957376445141,SD,1,0.5234922355185474,0.47650776448145254,0
BGR,Bulgaria,2011,133.203733079,89.56678697689999,48537973523.4502,EU,-0.4872000835907436,-43.6369461021,0.05581392264948152,0.02090175077586016,2.6702989260565726,END,1,0.6016459784263187,0.37928072931716955,0.019073292256511692
BGR,Bulgaria,2012,122.7490030206,86.1941980343,48901433349.8318,EU,-0.4240982086955949,-36.5548049863,-0.03765445938648897,0.00748815411928972,-5.028536911318352,SD,1,0.668152309162754,0.33184769083724597,0
BGR,Bulgaria,2013,122.3898696939,85.1722322501,48636020141.1525,EU,-0.43696914429240313,-37.217637443800015,-0.01185654959969958,-0.00542751388861322,2.1845268097009014,RND,1,0.2812377792199142,0.05671419048450028,0.6620480302955855
BGR,Bulgaria,2014,133.2170994468,91.7145603591,49097794392.256,EU,-0.45251854149658016,-41.5025390877,0.07681292289943861,0.00949449090948086,8.090262409197313,END,1,0.5875674664302981,0.28506468894493486,0.12736784462476694
BGR,Bulgaria,2015,150.83670387799998,95.8582789152,50765918159.1476,EU,-0.573538619563951,-54.97842496279999,0.04518059662365109,0.0339755336780405,1.3297979967523743,END,1,0.7311508437322044,0.24567031983216356,0.023178836435632046
BGR,Bulgaria,2016,127.8237801884,86.1357923257,52302413861.9149,EU,-0.4839798501541353,-41.6879878627,-0.10142563271035672,0.03026628412295227,-3.351109515073941,SD,1,0.7906878883674076,0.20931211163259236,0
BGR,Bulgaria,2017,131.7000570876,89.9683390238,53738599840.5621,EU,-0.46384893304254937,-41.73171806379999,0.04449424094931674,0.02745926760548599,1.6203724581651764,END,1,0.8230191853959292,0.15088958152239698,0.026091233081673753
BGR,Bulgaria,2018,135.9179968764,92.8725844746,54990790971.5665,EU,-0.463488904129427,-43.04541240179999,0.03228074989838062,0.0233015213407037,1.3853494553590269,END,1,0.8586439985355383,0.11413539579997332,0.027220605664488407
BGR,Bulgaria,2019,133.0417913589,91.0794940247,57076766353.313,EU,-0.4607216781729174,-41.96229733419999,-0.01930699420118328,0.03793317653541443,-0.5089738314733084,SD,1,0.8686485545099334,0.1313514454900666,0
BGR,Bulgaria,2020,121.5916592258,86.33714407449999,55288418257.0389,EU,-0.4083354334824767,-35.2545151513,-0.0520682509381741,-0.03133233030764184,1.661805886345927,RND,3,0.29137695978705463,0.022706863390582012,0.6859161768223634
BGR,Bulgaria,2021,138.6451525522,103.694778606,59616490915.7479,EU,-0.33705047077633365,-34.95037394619999,0.2010448077425653,0.07828172328221711,2.568221537711546,END,2,0.5875674664302982,0.2850646889449348,0.1273678446247669
BGR,Bulgaria,2022,142.49869234079998,103.5356438947,62051147380.8758,EU,-0.3763249735108326,-38.963048446099975,-0.00153464536439822,0.04083864091512263,-0.03757826729806634,SD,2,0.7234665340725985,0.2765334659274015,0
BGR,Bulgaria,2023,145.88620710299998,108.0613800981,63094544094.4155,EU,-0.3500309451032546,-37.82482700489997,0.0437118661086694,0.01681510749729136,2.599559123586374,END,2,0.7713529463303228,0.20419373609451208,0.024453317575164973
BGR,Bulgaria,2024,149.0972195425,109.9354436851,65231613490.8247,EU,-0.35622520403497276,-39.1617758574,0.01734258423591006,0.03387090638473057,0.512020081155204,WD,2,0,1,0
BRA,Brazil,1995,2218.731182508,1953.7997098966,1066858717573.94,MERCOSUR,-0.1355980714243329,-264.93147261140007,0.05103299942012136,0.04223793633646899,1.208226628630494,END,2,0,1,0
BRA,Brazil,1996,2221.882328023,1970.7807107273,1090424176256.21,MERCOSUR,-0.12741225643670576,-251.10161729569995,0.00869127001334165,0.02208864050514428,0.39347238284391106,WD,2,0,1,0
BRA,Brazil,1997,2317.6308146697997,2051.7188322097,1127442397626.76,MERCOSUR,-0.1296044946732359,-265.9119824600998,0.04106906518916073,0.03394845985316095,1.2097475221791771,END,2,0.26004295415255635,0.7399570458474437,1.6477018930074916e-21
BRA,Brazil,1998,2372.9286956167,2110.9359791908,1131254256718.86,MERCOSUR,-0.12411210904005328,-261.9927164259002,0.02886221350189746,0.00338097901952593,8.53664377543057,END,2,0.33306620895343686,0.656374975111728,0.01055881593483514
BRA,Brazil,1999,2374.6275738825,2039.8990897326,1136547820360.71,MERCOSUR,-0.16409070715050814,-334.72848414990017,-0.03365184456490767,0.00467937566679619,-7.191524459917511,SD,2,0.3917544466649588,0.6082455533350412,0
BRA,Brazil,2000,2408.2584426820004,2050.4049597825,1186418964121.03,MERCOSUR,-0.17452819804798955,-357.85348289950025,0.00515019105738079,0.04387949443648777,0.1173712487694066,WD,2,0,1,0
BRA,Brazil,2001,2468.7514906668,2072.2267899955,1202908958645.15,MERCOSUR,-0.19135198067396925,-396.52470067130025,0.01064269285386174,0.01389896404457479,0.7657184247494991,WD,2,0,1,0
BRA,Brazil,2002,2513.005141426,2092.1883176906,1239639324869.85,MERCOSUR,-0.20113716350347777,-420.81682373540025,0.00963288757363437,0.03053461856836616,0.3154743050766005,WD,2,0,1,0
BRA,Brazil,2003,2642.6468951132,2149.523262934,1253781489768.13,MERCOSUR,-0.22941069802897104,-493.1236321792003,0.02740429470836899,0.01140828998770636,2.4021386849299957,END,2,0.26004295415255635,0.7399570458474437,1.6477018930074916e-21
BRA,Brazil,2004,2700.1375344663,2202.0749128298003,1325998860202.27,MERCOSUR,-0.226178781990872,-498.0626216364999,0.02444804892414603,0.0575996463685995,0.42444789969186175,WD,2,0,1,0
BRA,Brazil,2005,2700.8105733403,2287.9713999452,1368459094848.72,MERCOSUR,-0.1804389571499835,-412.8391733950998,0.0390070685674438,0.03202132062162783,1.218159270454875,END,1,0.26004295415255635,0.7399570458474437,1.6477018930074916e-21
BRA,Brazil,2006,2892.3167550395,2509.7208220288,1422677289673.84,MERCOSUR,-0.15244561452911667,-382.59593301070026,0.0969196652060034,0.03961988708994902,2.446237794316948,END,1,0.33306620895343686,0.656374975111728,0.01055881593483514
BRA,Brazil,2007,3117.786878751,2822.7068519437,1509031960316.93,MERCOSUR,-0.10453796383570964,-295.0800268073003,0.12470950042239733,0.06069870607331289,2.0545660441553917,END,1,0.4172680583464725,0.569503771082245,0.013228170571282413
BRA,Brazil,2008,3371.9795188569997,3102.6159626658,1585904997750.07,MERCOSUR,-0.08681820741996045,-269.3635561911997,0.09916336530991746,0.0509419544811994,1.9465952243060212,END,1,0.5058321092372287,0.47813207568519905,0.016035815077572155
BRA,Brazil,2009,3398.331769084,3092.5748321162,1583909738906.86,MERCOSUR,-0.0988680803428046,-305.7569369677999,-0.00323634335361716,-0.00125812002991392,2.5723645412740006,RND,3,0.26753396744942426,0.10267747185882349,0.6297885606917523
BRA,Brazil,2010,3626.9349264808,3398.9973776437,1703150040806.99,MERCOSUR,-0.067060230859935,-227.93754883710017,0.0990833082987421,0.07528225818121677,1.3161574943757968,END,2,0.5875674664302982,0.2850646889449348,0.12736784462476688
BRA,Brazil,2011,4176.8368965091,3765.0693822831,1770840429106.43,MERCOSUR,-0.1093651862469288,-411.76751422600046,0.10769999619510544,0.03974423079446761,2.7098271633954294,END,2,0.7311508437322045,0.24567031983216345,0.023178836435632042
BRA,Brazil,2012,4250.4893923442005,3800.50411337,1804861390164.77,MERCOSUR,-0.11840147137090924,-449.9852789742008,0.00941144172631766,0.01921175985094667,0.4898792093663354,WD,2,0,1,0
BRA,Brazil,2013,4290.6693459999,3921.0942118546,1859094274383.73,MERCOSUR,-0.09425306156326652,-369.57513414529967,0.03173002709308203,0.03004822670288764,1.0559700379933823,EC,2,0.09993963160967073,0.9000603683903293,0
BRA,Brazil,2014,4243.609512701,3804.674197718901,1868463286696.58,MERCOSUR,-0.11536738552942706,-438.9353149820999,-0.02969069546549731,0.00503955740273355,-5.891528380923389,SD,1,0.23601510906751919,0.7639848909324809,0
BRA,Brazil,2015,4234.1906015755,3598.0021746581997,1802211999456.42,MERCOSUR,-0.1768171324070244,-636.1884269173006,-0.05432055737771494,-0.03545763393472483,1.5319848323132756,RND,3,0.21420768466123055,0.28153653541649754,0.5042557799222719
BRA,Brazil,2016,4183.3247215711,3581.9776019819,1743173031878.48,MERCOSUR,-0.16788131764321357,-601.3471195891998,-0.00445374179848068,-0.03275916906321075,0.13595405273824018,RD,3,0,0.05082661534404689,0.9491733846559531
BRA,Brazil,2017,4310.5779563655005,3574.0090567725,1766232928473.27,MERCOSUR,-0.20609038418558376,-736.5688995930004,-0.00222462172990444,0.01322869053907988,-0.16816643516850924,SD,1,0.6367631714289466,0.3632368285710533,0
BRA,Brazil,2018,4231.3582641740995,3508.4624436536,1797736638146.82,MERCOSUR,-0.20604348261676103,-722.8958205204995,-0.01833980050909321,0.0178366676137002,-1.0282077855734977,SD,1,0.6899296131160927,0.3100703868839074,0
BRA,Brazil,2019,4305.3416360141,3584.8877564918,1819683008336.22,MERCOSUR,-0.20096971745283937,-720.4538795223002,0.02178313550895897,0.01220777822719523,1.784365271350748,END,1,0.7446258826989222,0.2317680971634084,0.023606020137669482
BRA,Brazil,2020,4330.4330477382,3580.6673190499,1760056385298.89,MERCOSUR,-0.2093927365715852,-749.7657286883,-0.00117728579765351,-0.03276758796129449,0.03592836308379312,RD,3,0,0.07979293284132809,0.9202070671586718
BRA,Brazil,2021,4340.3609098638,3492.3268629232,1843880907790.44,MERCOSUR,-0.24282779940900645,-848.0340469405996,-0.02467150624597545,0.04762604379706568,-0.5180255229911729,SD,2,0.6367631714289467,0.3632368285710534,0
BRA,Brazil,2022,4354.7843677657,3548.9657348006,1899505159031.73,MERCOSUR,-0.2270573156182855,-805.8186329651003,0.01621809014462951,0.0301669435408091,0.5376113136118704,WD,2,0,1,0
BRA,Brazil,2023,4384.5125992274,3588.560549343,1961080569227.7,MERCOSUR,-0.22180259715281225,-795.9520498843999,0.01115671930955529,0.03241655328135984,0.3441673521771554,WD,2,0,1,0
BRA,Brazil,2024,4438.4333048956005,3632.5811009512,2028136094548.34,MERCOSUR,-0.22184011355820416,-805.8522039444006,0.01226691064645947,0.03419315165977475,0.358753436024747,WD,2,0,1,0
CYP,Cyprus,1995,18.124054578000003,22.9943591826,12661847363.651,EU,0.21180431974313912,4.870304604599998,0.25867778047546747,0.08362468857101048,3.093318311802255,END,2,0,1,0
CYP,Cyprus,1996,18.0419993525,18.6234476535,12819935779.5217,EU,0.03122130294122655,0.5814483009999982,-0.190086250910071,0.01248541475271082,-15.224664512550502,SD,2,0.23601510906751916,0.7639848909324808,0
CYP,Cyprus,1997,18.5783331583,22.1871116195,13158501394.566,EU,0.16265201722013628,3.6087784612,0.19135361144209312,0.0264093066351485,7.245688578109735,END,2,0.30547934269574595,0.6848363961432254,0.009684261161028605
CYP,Cyprus,1998,28.596456563,23.6882172857,13962602012.6924,EU,-0.2072017162837738,-4.908239277299998,0.06765665093966952,0.06110882949470715,1.1071501696089514,EC,2,0.16908953980132452,0.8309104601986755,0
CYP,Cyprus,1999,29.39070087,29.04413458,14660446535.5061,EU,-0.01193240201547096,-0.34656629000000194,0.22610047981674164,0.04997954694829368,4.52386013123836,END,1,0.25826280857987544,0.7348916086259968,0.006845582794127771
CYP,Cyprus,2000,30.3575863893,25.5128704973,15534986805.8031,EU,-0.18989301468498856,-4.844715892,-0.12158269247008845,0.05965304454942446,-2.0381640767614684,SD,1,0.3084666139446441,0.691533386055356,0
CYP,Cyprus,2001,31.652713289,25.2192415962,16149016881.4093,EU,-0.25510171145548594,-6.433471692800001,-0.01150904995700403,0.03952562582008941,-0.29117944923605504,SD,1,0.36150215104527067,0.6384978489547294,0
CYP,Cyprus,2002,44.0806573153,37.270807295999994,16750240728.3241,EU,-0.18271270501916012,-6.809850019300008,0.47787185248330016,0.03722974911289663,12.835752694281846,END,1,0.44347213206256697,0.5424689796779755,0.01405888825945766
CYP,Cyprus,2003,44.1798256415,36.8149976513,17189649730.2275,EU,-0.2000496661702202,-7.364827990200006,-0.01222966921751962,0.02623299623153322,-0.46619414380195806,SD,1,0.5092368387514129,0.4907631612485871,0
CYP,Cyprus,2004,47.8175113922,39.5064168169,18053648327.3531,EU,-0.21037328223967644,-8.311094575300004,0.07310659615117385,0.05026272266655221,1.4544893764742932,END,1,0.5885324162301859,0.3928100157319616,0.018657568037852405
CYP,Cyprus,2005,39.966359687,33.0339486365,18929789645.9549,EU,-0.2098571722921496,-6.932411050500001,-0.1638333390344633,0.04852987621755966,-3.3759274039768337,SD,1,0.655375612305979,0.34462438769402104,0
CYP,Cyprus,2006,48.8450277384,41.566670917900005,19822098963.1388,EU,-0.17510078771705745,-7.278356820499994,0.25830161496261445,0.0471378358593953,5.479708821021976,END,1,0.7163931540733377,0.2608958555965269,0.02271099033013541
CYP,Cyprus,2007,54.178084367,41.0541062148,20832674395.6686,EU,-0.3196751643680603,-13.123978152199996,-0.01233114636754026,0.05098226148547961,-0.24187130990751227,SD,1,0.7770496775737918,0.22295032242620816,0
CYP,Cyprus,2008,45.24678442,42.3853102216,21592439785.3329,EU,-0.06751098867601932,-2.8614741984000034,0.03242559952066624,0.03646989221039563,0.8891059873059736,EC,1,0.6139056485761281,0.3860943514238719,0
CYP,Cyprus,2009,50.01884814060001,43.7991824111,21157334409.9038,EU,-0.14200415138168793,-6.219665729500008,0.03335759918018657,-0.02015082036837051,-1.6553965828878072,SND,3,0,0.6209361413306469,0.37906385866935316
CYP,Cyprus,2010,53.1029222885,45.9200988666,21640286747.1052,EU,-0.15642003391078135,-7.182823421900004,0.04842365402150746,0.02282671001198192,2.1213593196781098,END,1,0.2509832363913511,0.6927839927738008,0.056232770834848206
CYP,Cyprus,2011,49.423184268,41.8410649417,21730464390.338,EU,-0.18121238875885892,-7.582119326300003,-0.08882894474486616,0.00416711868408409,-21.316634221180134,SD,1,0.314991713483565,0.685008286516435,0
CYP,Cyprus,2012,35.59797486,28.7067323296,20981332378.0944,EU,-0.2400566686335918,-6.891242530400003,-0.3139100935982618,-0.03447381513745692,9.105754392039664,RND,3,0.2360142654360804,0.2083961548601402,0.5555895797037794
CYP,Cyprus,2013,23.052496056000003,21.440349184099997,19599191826.1408,EU,-0.07519219290959878,-1.6121468719000056,-0.25312470475810694,-0.06587477511183344,3.8425133797934863,RND,3,0.05728990993571708,0.020539238526213144,0.9221708515380698
CYP,Cyprus,2014,26.2324626508,23.204962431,19251098679.0346,EU,-0.13046779234408493,-3.0275002198000003,0.08230338189681284,-0.01776058677286505,-4.634046326811535,SND,3,0,0.21063435599775118,0.7893656440022488
CYP,Cyprus,2015,25.5653232198,20.9918886184,19909278416.8575,EU,-0.21786675246510456,-4.573434601399999,-0.09537071301798385,0.03418920388890267,-2.789497916590559,SD,2,0.6367631714289467,0.3632368285710533,0
CYP,Cyprus,2016,29.6471277279,25.1557578825,21218032913.0554,EU,-0.17854241825584152,-4.491369845399998,0.19835610505527587,0.06573590809246807,3.017469611528851,END,2,0.7008838392022056,0.276896844485009,0.022219316312785363
CYP,Cyprus,2017,34.0257866708,35.2098211378,22438246417.1514,EU,0.03362796028886553,1.1840344669999965,0.3996724448637767,0.05750832365545094,6.949819077640487,END,2,0.7661004455836754,0.20961275084675532,0.024286803569569203
CYP,Cyprus,2018,35.084271939000004,27.7297138594,23845497750.3008,EU,-0.26522300651533437,-7.354558079600004,-0.2124437738301835,0.0627166360056426,-3.3873591978222493,SD,2,0.8226636190402631,0.17733638095973694,0
CYP,Cyprus,2019,35.4838812234,29.1992120396,25246562822.6821,EU,-0.215234204788702,-6.284669183799998,0.05299362942044418,0.05875595833866057,0.901927751990646,EC,2,0.6791140191433961,0.3208859808566039,0
CYP,Cyprus,2020,34.5966267262,29.4764590265,24433464399.3925,EU,-0.1737036221038915,-5.120167699699998,0.00949501604783023,-0.03220630186375668,-0.29481857581777937,SND,2,0,0.5517094213865376,0.4482905786134625
CYP,Cyprus,2021,36.3904146782,29.655411401,27218282939.641,EU,-0.2271087453864452,-6.7350032771999935,0.00607102686042164,0.11397559080151308,0.05326602667929363,WD,2,0,1,0
CYP,Cyprus,2022,37.8525194347,29.605712716,29470249084.6058,EU,-0.2785545748487631,-8.2468067187,-0.00167587238389561,0.08273725972937897,-0.02025535278032102,SD,2,0.23601510906751916,0.7639848909324808,0
CYP,Cyprus,2023,39.227338163599995,31.1859430672,30536911914.8595,EU,-0.2578531962003605,-8.041395096399995,0.05337585912417461,0.03619456446368777,1.474692675960336,END,2,0.30547934269574595,0.6848363961432254,0.009684261161028605
CYP,Cyprus,2024,40.64096760939999,32.2239506572,31740302544.1463,EU,-0.26120375622904346,-8.417016952199994,0.0332844701140922,0.03940773817084042,0.8446176223004064,EC,2,0.16908953980132452,0.8309104601986755,0
CZE,Czech Republic,1995,200.9064783538,187.94058582679995,118281953160.126,EU,-0.06898931633079496,-12.965892527000022,0.03750817204334958,0.06221405988638583,0.6028889950574888,WD,2,0,1,0
CZE,Czech Republic,1996,205.5264996382,195.9908266266,123212636052.806,EU,-0.04865367005042175,-9.53567301160001,0.04283396672615946,0.04168584269153051,1.0275423011866385,EC,1,0.09993963160967073,0.9000603683903293,0
CZE,Czech Republic,1997,204.2099269409,191.8988329226,122478487836.036,EU,-0.06415408489360393,-12.311094018299997,-0.02087849607265565,-0.00595838414215377,3.5040533766439403,RND,3,0.2672239846193389,0.4457912947395326,0.2869847206411285
CZE,Czech Republic,1998,199.5385598818,181.4237404002,121996963423.806,EU,-0.09984812043694362,-18.11481948159997,-0.05458653584738066,-0.00393150193750449,13.884397544524498,RND,3,0.11085482906423083,0.07508713190003498,0.8140580390357341
CZE,Czech Republic,1999,186.6594018042,187.3342679153,123678521512.351,EU,0.00360247016528308,0.674866111100016,0.0325785782062593,0.01378360609438632,2.3635743783716827,END,2,0.5795418989996128,0.2906117922818938,0.12984630871849337
CZE,Czech Republic,2000,195.3681534817,189.1543820501,128638858401.092,EU,-0.03285026423524363,-6.2137714316000086,0.00971586328040602,0.04010669619983806,0.2422504020773782,WD,2,0,1,0
CZE,Czech Republic,2001,203.9112288421,190.8005477817,132391536300.246,EU,-0.06871406404661011,-13.110681060400026,0.00870276286363801,0.02917219528995875,0.2983238929102314,WD,2,0,1,0
CZE,Czech Republic,2002,204.100093894,194.4380856569,134395228572.192,EU,-0.04969195311945883,-9.662008237099997,0.01906460918215916,0.01513459491399735,1.259670925485234,END,2,0.26004295415255635,0.7399570458474437,1.6477018930074916e-21
CZE,Czech Republic,2003,211.2533308201,201.4303674094,138831395778.178,EU,-0.04876605020897969,-9.822963410700028,0.0359614821801855,0.03300836832613493,1.0894656114132242,EC,2,0.1381738202996001,0.8618261797004,0
CZE,Czech Republic,2004,237.427645226,222.0801312407,145406922288.089,EU,-0.06910800124062293,-15.347513985299996,0.10251564397601538,0.04736339696834298,2.164448720697449,END,2,0.25863842659260594,0.7359604366431716,0.0054011367642224075
CZE,Czech Republic,2005,239.5415115392,229.8608340411,154676655549.654,EU,-0.04211538489575422,-9.68067749810001,0.03503556467177569,0.06375028860867604,0.5495749970143282,WD,2,0,1,0
CZE,Czech Republic,2006,210.6743228,213.1656739667,164921158024.599,EU,0.01168739375500567,2.4913511666999852,-0.07263159965483645,0.06623172991774662,-1.096628455047722,SD,1,0.23601510906751916,0.7639848909324808,0
CZE,Czech Republic,2007,217.8348157785,227.8647853344,173973393346.007,EU,0.04401719880138854,10.02996955590001,0.06895627750083366,0.05488825951645205,1.2563028616377403,END,1,0.30547934269574595,0.6848363961432254,0.009684261161028605
CZE,Czech Republic,2008,215.1808674282,237.8039839441,178518044754.249,EU,0.0951334630340674,22.62311651589999,0.04361884437349037,0.02612268072051325,1.6697690730966208,END,1,0.38694879728888393,0.6007842088914267,0.012266993819689315
CZE,Czech Republic,2009,193.0872223855,204.2186418829,169952170270.619,EU,0.05450736227980003,11.131419497399976,-0.14123120018500124,-0.04798324166849314,2.943344285922574,RND,1,0.25097529000049756,0.1582161178588089,0.5908085921406935
CZE,Czech Republic,2010,185.7501426648,202.8278570411,174565802522.079,EU,0.08419807133711159,17.07771437630001,-0.0068102736800956,0.02714665099076771,-0.2508697548884284,SD,1,0.6443667542879371,0.3556332457120629,0
CZE,Czech Republic,2011,198.291190538,214.7587971729,177659773382.538,EU,0.0766795439892602,16.467606634899994,0.05882298568772218,0.01772380853384878,3.3188682655526627,END,1,0.7072456917613161,0.2703333094124208,0.02242099882626303
CZE,Czech Republic,2012,174.794584439,197.2529202921,176290606021.546,EU,0.11385553035079432,22.45833585310001,-0.08151413172009066,-0.0077066819062293,10.577072300623026,RND,3,0.2849613297439771,0.04422521272303128,0.6708134575329916
CZE,Czech Republic,2013,171.6136448866,186.0019017303,176216894659.909,EU,0.07735542868030876,14.38825684370002,-0.05703853988645149,-4.181241604444e-4,136.41531698581713,RND,3,0.05753408929470734,0.016364609849695035,0.9261013008555976
CZE,Czech Republic,2014,179.51572446629999,186.1927997515,180173337874.854,EU,0.03586108213696492,6.677075285200004,0.00102632295382003,0.02245212198626455,0.0457116238032156,WD,2,0,1,0
CZE,Czech Republic,2015,182.45719067770003,185.5621668906,189107698561.919,EU,0.01673280855105846,3.1049762128999703,-0.00338698844284881,0.04958758489155976,-0.06830315390950419,SD,2,0.23601510906751916,0.7639848909324808,0
CZE,Czech Republic,2016,174.8963986649,182.7865879714,193988322685.058,EU,0.04316612829238074,7.890189306499991,-0.01495767680292487,0.02580870139213797,-0.5795594507316584,SD,2,0.28166761477982616,0.7183323852201738,0
CZE,Czech Republic,2017,176.2919207935,186.3542592963,204024435232.921,EU,0.05399575271741475,10.062338502800005,0.01951823361054382,0.05173565299678737,0.3772685272138316,WD,2,0,1,0
CZE,Czech Republic,2018,182.1778204737,197.0191257379,209798950825.42,EU,0.07532926160652952,14.841305264200004,0.05722899214577675,0.02830305882678536,2.022007320693428,END,1,0.26004295415255635,0.7399570458474437,1.6477018930074916e-21
CZE,Czech Republic,2019,177.72949835789998,195.7027975222,217279912681.73,EU,0.09183976617534644,17.973299164300016,-0.00668122046917995,0.03565776581282873,-0.1873706979918587,SD,1,0.3084666139446441,0.6915333860553559,0
CZE,Czech Republic,2020,162.5638094918,179.3401723409,205753475017.539,EU,0.09354492431963617,16.776362849099996,-0.08360956199128353,-0.05304879554639204,1.5760878476150433,RND,1,0.23450514042007872,0.21345783688709882,0.5520370226928224
CZE,Czech Republic,2021,170.0018783096,202.9609635372,214043320221.167,EU,0.16239125323998108,32.95908522760001,0.13170942621489315,0.04029018320551495,3.269020285737114,END,1,0.5413667545685005,0.3412803955540042,0.11735284987749534
CZE,Czech Republic,2022,175.005874377,201.4968277768,220137498830.73,EU,0.13147082111458502,26.49095339980002,-0.00721387864386865,0.02847170658381685,-0.2533700824231232,SD,1,0.6681523091627541,0.33184769083724586,0
CZE,Czech Republic,2023,179.2792220478,211.8396528528,220242240981.103,EU,0.15370319185532805,32.56043080500001,0.05132996479456662,4.758033089742927e-4,107.8806385462526,END,1,0.7269163763235853,0.2500390277033326,0.02304459597308209
CZE,Czech Republic,2024,183.4510395328,216.6674922728,222958017484.654,EU,0.15330612078242953,33.216452739999994,0.02279006482018124,0.01233086119834755,1.8482135556951456,END,1,0.7874482773451777,0.18758815326477002,0.024963569390052193
DEU,Germany,1995,1495.4672806998,2145.7795544487,2614281254585.26,EU,0.30306574242477574,650.3122737488998,-0.00318005129502128,0.01504993842013572,-0.2112999539431074,SD,2,0,1,0
DEU,Germany,1996,1460.3293455514,2047.6497115152,2641414240990.66,EU,0.28682658106068365,587.3203659638,-0.04573155836537541,0.01037875567436024,-4.4062660110933125,SD,1,0.23601510906751916,0.7639848909324808,0
DEU,Germany,1997,1440.039126135,2004.7680000732,2690394576515.06,EU,0.28169288113017565,564.7288739382,-0.02094191755594206,0.01854322383982827,-1.129356887283091,SD,1,0.28166761477982616,0.7183323852201738,0
DEU,Germany,1998,1531.472252325,2131.4103492887,2746774816494.42,EU,0.281474703903879,599.9380969637002,0.06317057595236761,0.02095612311722345,3.014420921227021,END,1,0.35740617337055325,0.6312633887250688,0.011330437904377832
DEU,Germany,1999,1568.250584256,2252.4350939096,2805269313430.67,EU,0.3037532630811776,684.1845096535997,0.05678153184406197,0.02129570162977677,2.666337687820863,END,1,0.4434721320625671,0.5424689796779754,0.014058888259457664
DEU,Germany,2000,1542.9152380005,2181.3598321341,2885963533943.47,EU,0.2926819247006064,638.4445941336,-0.03155485455171667,0.02876523124766095,-1.0969789980145757,SD,1,0.509236838751413,0.49076316124858704,0
DEU,Germany,2001,1317.835828911,1987.9930144684,2933181986968.52,EU,0.3371023845054122,670.1571855574,-0.0886450803838827,0.01636141706909548,-5.4179341562853605,SD,1,0.5684178826540782,0.43158211734592183,0
DEU,Germany,2002,1254.8078041793,1930.6461065794,2926486831428.63,EU,0.35005809718152264,675.8383024001,-0.02884663450607479,-0.00228255715793811,12.637858555153384,RND,3,0.273049883638497,0.0841768085337851,0.6427733078277179
DEU,Germany,2003,1228.6299181978,1991.5048546329,2910982263391.97,EU,0.383064562790495,762.8749364351002,0.03152247729198065,-0.00529801394291282,-5.949866805116353,SND,3,0,0.21063435599775118,0.7893656440022488
DEU,Germany,2004,1246.9417844613,2079.4552351261,2944810405337.25,EU,0.4003517058708483,832.5134506648001,0.04416277484265134,0.01162086845072774,3.800299007763547,END,2,0.5795418989996128,0.2906117922818939,0.12984630871849337
DEU,Germany,2005,1174.3539411683,2072.388262263,2970886268370.04,EU,0.4333330474059273,898.0343210946999,-0.00339847318842213,0.00885485292551584,-0.3837978131324133,SD,2,0.7168108870377455,0.28318911296225446,0
DEU,Germany,2006,1218.6345850156,2162.5705160355,3085761005285.65,EU,0.4364879313856348,943.9359310199002,0.04351609947550237,0.03866682415232113,1.125411782050638,EC,2,0.5359133735599275,0.46408662644007237,0
DEU,Germany,2007,1293.496177039,2246.9318801332,3174912263837.68,EU,0.4243278185352373,953.4357030942,0.03900976336825042,0.02889117413802353,1.3502311530118762,END,2,0.6129539693429755,0.36761425413680754,0.019431776520216923
DEU,Germany,2008,1292.4634663591,2254.3903215605,3203102383827.36,EU,0.4266904652675893,961.9268552014,0.00331938920500686,0.00887902330743616,0.3738462092138992,WD,2,0,1,0
DEU,Germany,2009,1236.3449871595,2062.4331191287997,3025504625850.04,EU,0.4005405675012874,826.0881319692999,-0.08514816648912271,-0.05544554519206775,1.5357079850899245,RND,2,0.37478016580461104,0.625219834195389,1.7633614458113954e-19
DEU,Germany,2010,1249.1530874995,2062.0334913558,3150598283304.25,EU,0.3942129976375048,812.8804038562998,-1.937652034838352e-4,0.04134637785227774,-0.00468638883377206,SD,2,0.4320931560788441,0.5679068439211559,0
DEU,Germany,2011,1297.5307148350998,2193.8874676395003,3268996785218.57,EU,0.4085700684405796,896.3567528044005,0.06394366378453221,0.03757968844893394,1.701548533895474,END,2,0.5149463538054246,0.4687288926771565,0.016324753517418824
DEU,Germany,2012,1252.1484958408998,2094.6295243226,3284148978797.69,EU,0.4022100417753623,842.4810284817002,-0.04524295105422899,0.00463512036709054,-9.760901006035336,SD,2,0.5823640577760628,0.41763594222393713,0
DEU,Germany,2013,1256.5806580439,2078.7155915411,3297186905208.25,EU,0.3955014032909104,822.1349334971999,-0.00759749282472594,0.00396995583779307,-1.9137474408152215,SD,2,0.6389784733500373,0.3610215266499626,0
DEU,Germany,2014,1273.1176522174,2064.9906239354,3369071713224.27,EU,0.38347533520945054,791.8729717179999,-0.00660261926237087,0.02180186021680193,-0.30284660101079197,SD,2,0.6919775147633476,0.3080224852366525,0
DEU,Germany,2015,1240.8693641215,1941.5426113047,3425099578746.09,EU,0.36088481556032065,700.6732471831999,-0.05978139135345631,0.01663006023347601,-3.5947790034528833,SD,2,0.7403576314589724,0.25964236854102757,0
DEU,Germany,2016,1273.1003906108,1991.8821535923,3501212900675.89,EU,0.3608555665229484,718.7817629814999,0.02592760107066225,0.02222222162593735,1.1667420794867802,EC,2,0.5653815631432999,0.43461843685670004,0
DEU,Germany,2017,1274.2387169495,2003.7080474477,3599173571724.7,EU,0.3640596899470407,729.4693304982,0.0059370449371577,0.0279790672055102,0.21219595683977852,WD,2,0,1,0
DEU,Germany,2018,1204.9535743721,2047.3392441645,3640049243667.4,EU,0.4114538771204817,842.3856697924,0.02177522657174383,0.0113569604599848,1.9173463400235315,END,1,0.26004295415255635,0.7399570458474437,1.6477018930074916e-21
DEU,Germany,2019,1201.5887783915998,1979.9338611721,3675639268112.03,EU,0.3931167086155737,778.3450827805002,-0.03292340689728124,0.00977734697038671,-3.367314977876771,SD,1,0.3084666139446441,0.6915333860553559,0
DEU,Germany,2020,1122.0878184283,1882.2894968167,3523764998709.97,EU,0.40387075403334177,760.2016783884001,-0.04931698289032524,-0.04131914432399371,1.193562540976611,RC,1,0.3279276054247102,0,0.6720723945752899
DEU,Germany,2021,1147.4819934036,2026.5589115451,3661544208117.2,EU,0.4337781216886853,879.0769181415001,0.07664570990402186,0.03909999942041258,1.9602483641983923,END,1,0.6206911532871613,0.2621702935662897,0.117138553146549
DEU,Germany,2022,1163.9931466154,1966.1125232354,3727790994177.62,EU,0.4079722636118743,802.1193766199999,-0.0298271064143969,0.018092581243061,-1.648582146112314,SD,1,0.7503138490652854,0.24968615093471466,0
DEU,Germany,2023,1188.7258071046,2026.644642656,3695372350062.48,EU,0.41345128687843047,837.9188355514,0.03078771876239795,-0.00869647578573324,-3.540252341403154,SND,3,0,0.46430984800004105,0.535690151999959
DEU,Germany,2024,1199.9093031067,2065.4757628852,3677048776153.86,EU,0.4190639635342012,865.5664597784998,0.0191603004354577,-0.00495851897260375,-3.864117600702957,SND,3,0,0.43731860470014666,0.5626813952998534
DNK,Denmark,1995,93.6244064133,129.9879305463,226754355587.313,EU,0.27974538851549596,36.363524133,0.08001120058499364,0.03038021504611497,2.6336614294382845,END,2,0,1,0
DNK,Denmark,1996,94.470914183,131.4072293182,233320596409.064,EU,0.2810828241858706,36.93631513519999,0.01091869657386742,0.02895750692304845,0.3770592752643631,WD,2,0,1,0
DNK,Denmark,1997,94.4291904673,128.1338922356,240713316196.954,EU,0.26304283105930404,33.7047017683,-0.02490987063332469,0.03168481437844817,-0.7861769469689002,SD,2,0.23601510906751916,0.7639848909324808,0
DNK,Denmark,1998,126.5996607033,162.8986786101,246313036680.162,EU,0.22283187449102737,36.2990179068,0.27131608794477213,0.02326302745389553,11.662974154266353,END,2,0.30547934269574595,0.6848363961432254,0.009684261161028605
DNK,Denmark,1999,136.08936090650002,168.6094724891,253621896626.282,EU,0.19287238790633365,32.52011158259998,0.03505733703751428,0.0296730536257023,1.1814536339848822,EC,2,0.16908953980132452,0.8309104601986755,0
DNK,Denmark,2000,128.4496392504,154.7191475216,263066798869.213,EU,0.16978834676899043,26.26950827120001,-0.08238164061866662,0.03724008994715583,-2.2121761987032587,SD,1,0.23601510906751919,0.7639848909324808,0
DNK,Denmark,2001,124.1036111984,150.5301321363,265566018286.991,EU,0.17555635249141796,26.42652093790001,-0.02707496423295104,0.00950032246000189,-2.849899500458182,SD,1,0.28166761477982616,0.7183323852201738,0
DNK,Denmark,2002,120.469623053,146.8470338646,266778406880.15,EU,0.17962508412612022,26.3774108116,-0.02446751503788677,0.00456530018780037,-5.359453711996886,SD,1,0.33230967507362946,0.6676903249263706,0
DNK,Denmark,2003,119.9032913125,149.7927193983,267955142440.516,EU,0.19953859043258151,29.88942808579999,0.02005955078681432,0.00441091006625077,4.5477124868847625,END,1,0.4126722745368186,0.5742452497538153,0.01308247570936619
DNK,Denmark,2004,127.332218237,158.59280304069998,275394519880.793,EU,0.1971122535470762,31.26058480369997,0.05874840698365648,0.02776351807440502,2.11602891341844,END,1,0.5011464550110668,0.4829662738319941,0.015887271156939112
DNK,Denmark,2005,134.877932486,178.81412320950002,281892753289.031,EU,0.24570872778334207,43.93619072350003,0.12750465204660397,0.02359608829925444,5.403635146196358,END,1,0.588532416230186,0.39281001573196156,0.018657568037852408
DNK,Denmark,2006,134.0669051562,177.6200444116,292651155542.909,EU,0.2452039655753832,43.5531392554,-0.0066777655839916,0.03816487699081487,-0.17497149501094264,SD,1,0.655375612305979,0.34462438769402104,0
DNK,Denmark,2007,130.78500452330002,181.0343313598,295540131122.49,EU,0.27756794227405984,50.24932683649999,0.01922241917859263,0.00987173815945314,1.9472172851531016,END,1,0.7163931540733377,0.2608958555965269,0.02271099033013541
DNK,Denmark,2008,127.6635218737,179.0282554833,294307201413.926,EU,0.286908530002357,51.36473360960001,-0.0110811902992753,-0.00417178439990934,2.6562231498627087,RND,3,0.28555783414275604,0.042224506643490686,0.6722176592137532
DNK,Denmark,2009,103.5494124226,150.1816727279,279666951317.258,EU,0.3105056659595781,46.63226030530001,-0.16112865914671687,-0.0497447905669062,3.2391061920343316,RND,3,0.05753408929470733,0.016364609849695035,0.9261013008555976
DNK,Denmark,2010,98.5694894436,141.2779519289,284093791186.593,EU,0.30230097408825396,42.70846248529999,-0.05928633392658919,0.01582897031087936,-3.745432126171926,SD,1,0.6367631714289467,0.3632368285710533,0
DNK,Denmark,2011,109.2624491703,153.9966903011,287817703286.122,EU,0.2904883283097445,44.73424113079999,0.09002635017388182,0.01310803760960451,6.8680265387641075,END,1,0.7008838392022056,0.276896844485009,0.022219316312785363
DNK,Denmark,2012,104.1902219608,149.0088833155,287802068160.374,EU,0.3007784526497282,44.818661354699984,-0.03238905314034775,-5.432301616430741e-5,596.2307586600607,RND,3,0.2845388076433517,0.045642373329376915,0.6698188190272714
DNK,Denmark,2013,106.0759401222,153.0582743799,291810211099.295,EU,0.3069571667918259,46.98233425770002,0.0271755010459756,0.01392673431619495,1.9513189832575528,END,2,0.5875674664302983,0.28506468894493475,0.12736784462476688
DNK,Denmark,2014,106.897410292,142.962324218,295539545106.694,EU,0.2522686597554572,36.064913926,-0.065961479069346185,0.0127799983192843,-5.161305770268687,SD,2,0.7234665340725985,0.27653346592740147,0
DNK,Denmark,2015,109.3598998094,144.4675314757,301758922337.637,EU,0.2430139928860432,35.10763166629998,0.01052869884379303,0.02104414564452879,0.5003148629381571,WD,2,0,1,0
DNK,Denmark,2016,112.5590872364,143.4667739439,311032111297.516,EU,0.21543445815256068,30.907686707500005,-0.00692721417454516,0.03073045492090944,-0.22541853650958457,SD,1,0.23601510906751916,0.7639848909324808,0
DNK,Denmark,2017,119.3265728461,151.9530687926,320538736986.013,EU,0.2147142943919858,32.626495946499986,0.05915163919430157,0.03056477239227399,1.9352880641523644,END,1,0.30547934269574595,0.6848363961432254,0.009684261161028605
DNK,Denmark,2018,118.4192858095,150.23436605790002,326500781502.599,EU,0.2117696575238887,31.815080248400022,-0.01131074711657073,0.01860007490091956,-0.6081022349007605,SD,1,0.3615021510452707,0.6384978489547294,0
DNK,Denmark,2019,120.3465002937,149.06705963119998,332088518944.146,EU,0.19266871841811475,28.720559337499992,-0.0077699028346827,0.01711400939327466,-0.454008330609896,SD,1,0.4181426151424708,0.5818573848575292,0
DNK,Denmark,2020,113.6595154608,141.7864488152,326176991232.295,EU,0.198375328456528,28.126933354399995,-0.04884117815171645,-0.01780106018312928,2.7437229945441683,RND,3,0.2551639579001369,0.14416711277328179,0.6006689293265812
DNK,Denmark,2021,113.9994662816,150.74884322999998,347379325644.417,EU,0.24377883213558632,36.749376948399984,0.06321051475434918,0.06500254457562962,0.9724313896789772,EC,2,0.3943949405933941,0.6056050594066059,0
DNK,Denmark,2022,117.9681787326,151.8004168464,348921108389.075,EU,0.22287315685063833,33.83223811379999,0.00697566623974432,0.0044383261490818,1.571688516218538,END,2,0.4772917560463866,0.5075772109522663,0.015131033001347133
DNK,Denmark,2023,121.5409359984,156.0178376236,351030642724,EU,0.22098051191029236,34.4769016252,0.02778266927598376,0.00604587766175696,4.595307882546533,END,2,0.5655433335152272,0.41652789496356685,0.017928771521205814
DNK,Denmark,2024,125.1452818747,158.7327567904,363238912546.89,EU,0.21159762858557843,33.587474915700014,0.0174013382581924,0.03477835931402957,0.5003496024946961,WD,2,0,1,0
ESP,Spain,1995,579.0541162764,650.1121723427,803136997375.095,EU,0.10930122383378855,71.05805606629997,0.03824404022116803,0.02757494002935426,1.3869129064453527,END,2,0,1,0
ESP,Spain,1996,555.0878603843,629.8891650871001,824078081163.909,EU,0.11875312173762607,74.80130470280005,-0.03110695064011129,0.02607411171102334,-1.1930205325829075,SD,2,0.23601510906751916,0.7639848909324808,0
ESP,Spain,1997,599.3666032446,654.5027822079,853640231891.445,EU,0.08424132098767192,55.13617896330004,0.03907610812355605,0.03587299723562964,1.0892903056548904,EC,2,0.12352679706873655,0.8764732029312634,0
ESP,Spain,1998,687.237686331,740.2884347316999,890363642200.019,EU,0.07166226826159582,53.050748400699945,0.13106995853311804,0.04301977453335881,3.0467374586420135,END,2,0.25880748897157363,0.7364415067760369,0.004751004252389503
ESP,Spain,1999,736.5870676155,801.7954815547,929618577227.575,EU,0.08132798879429873,65.2084139392,0.08308524615178121,0.0440886545305916,1.8845040075816153,END,2,0.33306620895343686,0.6563749751117279,0.01055881593483514
ESP,Spain,2000,784.5663023592,816.0523655926,977964704474.031,EU,0.03858338577394544,31.48606323340005,0.0177811977815784,0.05200641255539443,0.34190394814560293,WD,2,0,1,0
ESP,Spain,2001,809.8377515023001,849.1360753573999,1016292009754.12,EU,0.04628036070491912,39.29832385509985,0.04054116029769143,0.03919088808087627,1.0344537284796576,EC,2,0.09993963160967073,0.9000603683903293,0
ESP,Spain,2002,855.4719145765,900.5714287929,1044295490089.67,EU,0.05007877529142805,45.09951421639994,0.06057374657395278,0.02755456115641917,2.198320134009516,END,1,0.2590686107825218,0.7371845337288926,0.0037468554885856263
ESP,Spain,2003,898.0793332293,970.94464482,1074990358774.14,EU,0.07504579378385494,72.8653115907,0.07814284772661097,0.02939289595307388,2.658562390428183,END,1,0.33306620895343686,0.656374975111728,0.010558815934835139
ESP,Spain,2004,928.0822226382,1011.7789905131,1108471271904.22,EU,0.08272238172533616,83.69676787489993,0.04205630661948819,0.03114531479915759,1.3503253022385795,END,1,0.4172680583464725,0.569503771082245,0.013228170571282413
ESP,Spain,2005,1006.7945149841,1091.1149899024,1147835587310.16,EU,0.07727918294463403,84.32047491830008,0.07841238070091447,0.03551225584612291,2.2080371644279877,END,1,0.5058321092372287,0.47813207568519905,0.016035815077572155
ESP,Spain,2006,1056.5048379649,1145.3119877068998,1194247574981.13,EU,0.07753970157931044,88.807149741999865,0.04967120634035794,0.04043435156051565,1.228440779272002,END,1,0.59300012003054825,0.3882006774432867,0.018799202526165158
ESP,Spain,2007,1051.0891568617,1181.0222999158002,1236446314615.43,EU,0.1100175187745088,129.93314305410013,0.03117954984510224,0.0353350013165962,0.8823984345079895,EC,1,0.41068759055875526,0.5893124094412446,0
ESP,Spain,2008,896.6006697458,1078.0707358963,1245931907237.16,EU,0.16832853365565767,181.47006615049995,-0.08717156655453503,0.0076716574829051604,-11.362807417925046,SD,1,0.46936936850655014,0.5306306314934498,0
ESP,Spain,2009,769.3262465461,882.7939873569,1198983535018.34,EU,0.12853252563548176,113.46774081079992,-0.1811353764064919,-0.03768133069400824,4.807032370417176,RND,1,0.2622557627908668,0.12038083862535819,0.617363398583775
ESP,Spain,2010,683.1173245236,826.9235999162,1200112046037.65,EU,0.17390515327797304,143.8062753926,-0.06328813770920302,9.41223116372947e-4,-67.24031380900121,SD,1,0.6443667542879372,0.3556332457120629,0
ESP,Spain,2011,613.1924382449,772.0114324967001,1192432281393.69,EU,0.20572103930919303,158.81899425180006,-0.06640536976458855,-0.00639920636520219,10.377125845743894,RND,3,0.2794746847851068,0.06262769885383357,0.6578976163610596
ESP,Spain,2012,442.9299915055,640.0755207373,1158267740898.69,EU,0.3080035446515889,197.14552923180003,-0.1708989092722587,-0.02865113686377997,5.964821224539425,RND,3,0.057534089294707345,0.01636460984969504,0.9261013008555976
ESP,Spain,2013,617.3181380686999,758.8637469118,1141735527746.35,EU,0.18652308720652516,141.54560884310013,0.18558470418876255,-0.01427322247575732,-13.002298850450416,SND,3,0,0.21063435599775115,0.7893656440022487
ESP,Spain,2014,619.0301719016,736.4468567188,1159095455877.44,EU,0.15943673836879924,117.4166848171999,-0.02954007262071186,0.01520485936472194,-1.9428047252610727,SD,1,0.6367631714289467,0.3632368285710533,0
ESP,Spain,2015,593.0577618902,712.5967369615,1206164777553.12,EU,0.1677512243193985,119.5389750713,-0.03238539147761845,0.04060866724738258,-0.7974994914344509,SD,1,0.6899296131160926,0.3100703868839073,0
ESP,Spain,2016,535.8465749109,687.5162538952001,1241326362266.48,EU,0.22060522660373272,151.66967898430005,-0.03519589939920677,0.02915155985958256,-1.207341890750911,SD,1,0.7385098366818522,0.26149016331814784,0
ESP,Spain,2017,412.4071447507,606.1216729641,1277275696051.09,EU,0.31959676885679267,193.71452821339992,-0.1183893187542113,0.02896042078649799,-4.087969564634471,SD,1,0.781885005121335,0.2181149948786651,0
ESP,Spain,2018,459.7905425842,648.5394521718,1307871701701.25,EU,0.291036896761679,188.7489095876,0.06998228425039739,0.02395411244788619,2.921514391428554,END,1,0.8163932627039441,0.1577255582403459,0.025881179055710104
ESP,Spain,2019,410.1178516749,615.4614121540999,1333521400432.69,EU,0.33364164905237914,205.34356047919988,-0.05100389792314076,0.0196117850841756,-2.6006759560247725,SD,1,0.8678965419911283,0.1321034580088717,0
ESP,Spain,2020,399.4853547204,619.0353751522,1187633217292.02,EU,0.3546647400850396,219.5500204318,0.00580696519314075,-0.10940070635036928,-0.05307977788135326,SND,2,0,0.33329236118817485,0.6667076388118252
ESP,Spain,2021,413.2662541561,654.9640024098001,1267004457826.92,EU,0.369024476710819,241.69774825370007,0.05803969966783628,0.06683144204729985,0.8684490097753507,EC,2,0.2727673542339855,0.7272326457660144,0
ESP,Spain,2022,424.9080202559,651.4912446343,1347716659731.45,EU,0.3477916644997852,226.58322437839996,-0.00530221166769903,0.06370317121295857,-0.08323308819232614,SD,2,0.3225276905225115,0.6774723094774885,0
ESP,Spain,2023,434.8790172797,673.5951312046,1380882052539.27,EU,0.3543910917200373,238.71611392489996,0.03392814063481011,0.02460857968056038,1.378711858840506,END,2,0.4021815746268176,0.5850685242883191,0.012749901084863294
ESP,Spain,2024,444.4785397532,687.96507047,1428595035672.37,EU,0.35392280970087087,243.4865307168,0.02133319942455947,0.03455254056301323,0.6174133385547804,WD,2,0,1,0
EST,Estonia,1995,20.992329811,12.9712489736,10302024946.6889,EU,-0.6183738245812004,-8.021080837400001,-0.28427803045627126,0.04526681792187819,-6.2800533261887415,SD,2,0,1,0
EST,Estonia,1996,23.0534980033,13.1417484937,10811255302.9678,EU,-0.7542184751406236,-9.9117495096,0.01314441812403821,0.04943012261318278,0.2659191891329167,WD,2,0,1,0
EST,Estonia,1997,22.855231302,14.5665936515,12222126358.4524,EU,-0.5690168785374523,-8.2886376505,0.10842127731199956,0.13050020704786255,0.830813067386435,EC,2,0.09993963160967073,0.9000603683903293,0
EST,Estonia,1998,21.133657502,15.036875847,12752545572.9222,EU,-0.405455343053615,-6.096781655000003,0.03228498074095531,0.04339827611935785,0.7439231146454353,WD,2,0,1,0
EST,Estonia,1999,19.3416488397,15.5978538429,12698344018.6504,EU,-0.24001987930564816,-3.7437949967999984,0.03730681835827756,-0.0042502537208639,-8.777550896583794,SND,2,0,1,1.86768988559133e-20
EST,Estonia,2000,24.502655916,17.3463853116,13979307068.9028,EU,-0.41255111516601733,-7.156270604400003,0.11210077272880171,0.10087638580046455,1.1112687259686247,EC,2,0.09993963160967073,0.9000603683903293,0
EST,Estonia,2001,24.80744391,17.774752199599998,14801394595.5546,EU,-0.39565624496066193,-7.032691710400002,0.02469487909469754,0.0588074589534232,0.4199276679214525,WD,2,0,1,0
EST,Estonia,2002,28.4469682278,22.4071584082,15827575405.1485,EU,-0.2695482269358038,-6.0398098195999985,0.26061720335568167,0.06933000826166072,3.7590822486574287,END,2,0.26004295415255635,0.7399570458474437,1.6477018930074916e-21
EST,Estonia,2003,33.7913371644,26.0169982875,17029885802.1805,EU,-0.29881767262271824,-7.774338876899996,0.16110208235859858,0.07596301810325945,2.1207962292862867,END,2,0.33306620895343686,0.656374975111728,0.01055881593483514
EST,Estonia,2004,35.1085610416,27.4983367325,18188037434.5502,EU,-0.2767521680722439,-7.610224309099998,0.05693733107219041,0.06800701107587064,0.8372273706996098,EC,2,0.18798040116101877,0.8120195988389811,0
EST,Estonia,2005,39.1901076428,30.058933874,19920094036.3597,EU,-0.3037757029931846,-9.1311737688,0.09311825534791918,0.0952305386462018,0.9778192654550646,EC,2,0.09993963160967073,0.9000603683903292,0
EST,Estonia,2006,41.7055738294,34.632542838,21864807422.0901,EU,-0.2042307729029713,-7.073030991400003,0.1521547298773634,0.09762571312066894,1.5585517894173495,END,1,0.2590686107825218,0.7371845337288925,0.0037468554885856263
EST,Estonia,2007,48.9442332895,39.0574474025,23520174236.2883,EU,-0.25313446076271634,-9.886785886999997,0.1277672443862496,0.07570918793118556,1.6876055321367498,END,1,0.33306620895343686,0.656374975111728,0.01055881593483514
EST,Estonia,2008,41.2005958164,33.8145051106,22314692031.2014,EU,-0.2184296556061274,-7.386090705799994,-0.13423668571757222,-0.0512531154308802,2.6190931924636547,RND,3,0.24071967567510089,0.19261396969736294,0.5666663546275362
EST,Estonia,2009,36.0424280951,26.8920279481,19050002927.2983,EU,-0.34026441459378676,-9.150400147,-0.20471916237892768,-0.14630222542790483,1.3992894624819612,RND,3,0.057400494924342106,0.018648614901777646,0.9239508901738803
EST,Estonia,2010,37.8967784439,28.5462329279,19516680413.329,EU,-0.32755794922632786,-9.350545515999997,0.06151283878599693,0.02449750206400003,2.510984125046458,END,2,0.5795418989996127,0.2906117922818938,0.12984630871849334
EST,Estonia,2011,39.953383575,29.2833992531,21001309333.0129,EU,-0.3643697314535797,-10.669984321900005,0.02582359385428829,0.07606974589131302,0.3394725925755627,WD,2,0,1,0
EST,Estonia,2012,41.1143619186,31.3306173421,21772481344.2301,EU,-0.31227423544422983,-9.783744576500006,0.06991053433741218,0.03672018725065668,1.9038719454286537,END,2,0.26004295415255635,0.7399570458474437,1.6477018930074916e-21
EST,Estonia,2013,44.2766429636,32.3154610046,22154913628.3244,EU,-0.3701380573619966,-11.961181959,0.03143390542696512,0.01756493796218827,1.7895824906772988,END,2,0.33306620895343686,0.656374975111728,0.01055881593483514
EST,Estonia,2014,40.9620172209,29.4770627683,22891074856.6938,EU,-0.3896234351053139,-11.4849544526,-0.08783406295506552,0.03322789881826665,-2.643383002803047,SD,2,0.3917544466649588,0.6082455533350412,0
EST,Estonia,2015,42.9518647588,31.2510020143,23311847750.9394,EU,-0.3744156023907923,-11.7008627445,0.0601803259688314,0.0183815262882929,3.273956962276844,END,2,0.4746106049035951,0.5103433595539689,0.015046035542435993
EST,Estonia,2016,41.0812277992,32.094395313999996,24032887679.5037,EU,-0.28001251923508996,-8.986832485200004,0.02698772024378843,0.03093019207519681,0.8725364581693016,EC,2,0.297886005545046,0.702113994454954,0
EST,Estonia,2017,46.833296445200006,35.608490426399996,25387062190.0468,EU,-0.31522835942739047,-11.22480601880001,0.1094924854641865,0.056346724896400933,1.943191652496207,END,2,0.3753658092224391,0.6127343991407447,0.011899791636816176
EST,Estonia,2018,45.6795835692,34.882470843099995,26326306710.8582,EU,-0.3095283236862721,-10.797112726100003,-0.02038894585550116,0.03699697561617191,-0.5510976374671248,SD,2,0.4374339021436398,0.5625660978563602,0
EST,Estonia,2019,39.1649232391,34.5029303427,27307395871.0676,EU,-0.1351187522362537,-4.661992896400001,-0.01088055092505218,0.03726649434668909,-0.2919660439168423,SD,2,0.4967161667478249,0.5032838332521751,0
EST,Estonia,2020,35.8485262274,34.6572168385,26519903136.8312,EU,-0.03437406397782643,-1.1913093889000024,0.00447169252778103,-0.02883807514837968,-0.15506210122461242,SND,2,0,0.725202917673731,0.2747970823262688
EST,Estonia,2021,35.6784240336,36.787349182099994,28709089435.1187,EU,0.03014419829520017,1.108925148499992,0.06146287953606463,0.08254880445800448,0.7445641392339363,WD,2,0,1,0
EST,Estonia,2022,36.8445252964,36.9520350654,28357067289.1155,EU,0.00290944108517214,0.10750976899999642,0.00447669883700496,-0.01226169665877949,-0.3650961984775247,SND,2,0,1,1.86768988559133e-20
EST,Estonia,2023,37.8415575972,38.5186528927,27578887219.4051,EU,0.0175783742330284,0.6770952955000027,0.04239598237356353,-0.02744219145712202,-1.5449197065695928,SND,2,0,1,2.0828768903682692e-20
EST,Estonia,2024,38.820818013099995,39.6236444697,27554054399.2591,EU,0.02026129770102107,0.802826456600009,0.02868718124899472,-9.004286484962671e-4,-31.85947192695708,SND,2,0,1,2.322856794320871e-20
FIN,Finland,1995,97.274255208,117.7442770866,152674521262.385,EU,0.17385152285188743,20.470021878600008,0.04242516175459242,0.0423436710187127,1.0019245080532508,EC,2,0,1,0
FIN,Finland,1996,97.8888460191,114.2843622542,158266465561.969,EU,0.14346246425763687,16.39551623509999,-0.02938499363204929,0.03662657169871665,-0.8022862165141955,SD,2,0.23601510906751916,0.7639848909324808,0
FIN,Finland,1997,101.2586200248,117.8046976769,168391880311.838,EU,0.1404534621996188,16.546077652099996,0.03080329936015044,0.06397700684043157,0.4814745309510739,WD,2,0,1,0
FIN,Finland,1998,86.78817592579999,118.7246319273,177576428488.635,EU,0.2689960413695452,31.93645600150002,0.00780897764300597,0.05454270217654503,0.14317181458538125,WD,2,0,1,0
FIN,Finland,1999,118.5974959968,145.9257130059,185370756398.689,EU,0.1872748568170099,27.3282170091,0.22911067936817325,0.04389280703746571,5.21977733555775,END,2,0.26004295415255635,0.7399570458474437,1.6477018930074916e-21
FIN,Finland,2000,114.8714054867,145.3524480165,196036503503.623,EU,0.20970436305510232,30.481042529800007,-0.00392847139542038,0.05753737704988629,-0.06827685926687796,SD,2,0.3084666139446441,0.6915333860553559,0
FIN,Finland,2001,160.5607067926,177.1196598199,201212380923.485,EU,0.093490203425964,16.558953027299992,0.2185529878368052,0.02640262056993045,8.277700588770795,END,2,0.38694879728888393,0.6007842088914267,0.012266993819689315
FIN,Finland,2002,152.9892770351,178.6086364962,204607490634.566,EU,0.1434385255029091,25.619359461100004,0.00840661436349891,0.01687326443581064,0.4982209812143581,WD,2,0,1,0
FIN,Finland,2003,162.31001411179997,189.593424841,208723783982.573,EU,0.1439048361095903,27.28341072920003,0.06150199990487975,0.02011799927383298,3.057063431992165,END,2,0.26004295415255635,0.7399570458474437,1.6477018930074916e-21
FIN,Finland,2004,159.9469387709,188.9979515366,217083963685.375,EU,0.15371072823545487,29.05101276569999,-0.00314079090506112,0.04005379522776388,-0.07841431472850884,SD,2,0.3084666139446441,0.6915333860553559,0
FIN,Finland,2005,167.3432348699,201.0029293963,223113056548.362,EU,0.167458726235955,33.65969452639999,0.0635190898213265,0.02777309185180121,2.2870730475478904,END,2,0.38694879728888393,0.6007842088914267,0.012266993819689315
FIN,Finland,2006,182.3485504519,205.6886264254,232081249320.459,EU,0.1134728564195312,23.340075973500007,0.02331158577227308,0.04019573265158988,0.5799517569273868,WD,2,0,1,0
FIN,Finland,2007,179.0957956257,210.2902504904,244411266035.096,EU,0.1483399957532699,31.194454864699992,0.02237179636507002,0.05312801766941388,0.42109224748939966,WD,2,0,1,0
FIN,Finland,2008,184.8707443754,205.5902278351,246328504349.487,EU,0.10078048785625504,20.7194834597,-0.02235016908458425,0.00784431235717132,-2.8492196724103653,SD,1,0.23601510906751916,0.7639848909324808,0
FIN,Finland,2009,150.9354636225,176.1223429159,226434937568.653,EU,0.14300785962986504,25.186879293399983,-0.14333310113764566,-0.08076031165524111,1.774796285451726,RND,1,0.21420768466123058,0.28153653541649754,0.5042557799222719
FIN,Finland,2010,152.0980850559,174.09860738569998,233609048324.553,EU,0.12636816951131472,22.000522329799963,-0.01149050993017033,0.03168287912162348,-0.3626725300456703,SD,1,0.4912837093591462,0.5087162906408538,0
FIN,Finland,2011,163.0947916287,183.6281080773,239193226293.28,EU,0.11182011655838826,20.533316448600004,0.05473622583601866,0.02390394553968172,2.2898406351015925,END,1,0.5718073394415588,0.4100653084433088,0.018127352115132406
FIN,Finland,2012,160.8054524431,177.89469923750002,235550695854.071,EU,0.0960638336479316,17.089246794400026,-0.03122293694485184,-0.01522840130406869,2.05030957100597,RND,3,0.27433122489024536,0.07987912483256386,0.6457896502771908
FIN,Finland,2013,163.4905021866,176.6018284145,233242909052.234,EU,0.07424230171120637,13.111326227900008,-0.00726761858864583,-0.00979741024949776,0.7417897590864269,RD,3,0,0.027749164385221427,0.9722508356147785
FIN,Finland,2014,160.44160196599998,172.1766770049,232127848351.009,EU,0.06815716996655738,11.73507503890002,-0.02505722307253686,-0.00478068424783405,5.241346588386239,RND,3,0.05576927646162264,0.016395253370211926,0.9278354701681654
FIN,Finland,2015,145.819411607,161.1362359858,233210733506.25,EU,0.09505512081186863,15.316824378799993,-0.06412274421340934,0.00466503766322568,-13.745386177455003,SD,2,0.6367631714289467,0.3632368285710533,0
FIN,Finland,2016,155.40839518399997,170.7808003748,239208760000.401,EU,0.09001249061406993,15.372405190800038,0.05985347944859485,0.02571934148987295,2.327177757337305,END,2,0.7008838392022056,0.276896844485009,0.022219316312785363
FIN,Finland,2017,150.7095990161,176.0449329931,247110710501.527,EU,0.1439140198257965,25.335333977000005,0.03082391350050578,0.03303370035910374,0.9331050764953446,EC,2,0.5359133735599276,0.4640866264400724,0
FIN,Finland,2018,160.80087237799998,179.34660058880002,250058685918.643,EU,0.10340719115898422,18.545728210800036,0.0187546868834301,0.0119297759742299,1.5720904503104698,END,2,0.6129539693429754,0.36761425413680754,0.019431776520216926
FIN,Finland,2019,141.6757573634,165.8832893724,253433824168.6,EU,0.14593110674731818,24.207532008999976,-0.07506867245991612,0.01349738457417595,-5.561719905613585,SD,2,0.6791140191433961,0.3208859808566039,0
FIN,Finland,2020,138.5108510466,170.7594333472,247120696232.09,EU,0.1888538844880676,32.24858230059999,0.02939502823490139,-0.02491036055357047,-1.1800322268192989,SND,2,0,0.5517094213865376,0.4482905786134625
FIN,Finland,2021,142.71386170469998,168.0760164947,253734502126.393,EU,0.1508969293712395,25.362154790000034,-0.01571460387224334,0.02676346414988843,-0.5871662870035774,SD,2,0.29769563382198655,0.7023043661780134,0
FIN,Finland,2022,148.3677434757,166.0108361571,255670602724.759,EU,0.10627675331207846,17.64309268139999,-0.01228718041199618,0.0076304191276343,-1.6102890557475358,SD,2,0.349816072385158,0.650183927614842,0
FIN,Finland,2023,153.48073106959998,173.9606248229,253269616816.416,EU,0.1177271797807665,20.47989375330002,0.04788716718634524,-0.00939093459613652,-5.099297273995096,SND,2,0,0.8287977877955833,0.17120221220441667
FIN,Finland,2024,158.62154228889997,177.7934320708,254323653957.12,EU,0.10783238479959992,19.171889781900035,0.02203261371245351,0.00416171964862265,5.29411290828908,END,2,0.2548632995708088,0.7252182427319722,0.019918457697219134
FRA,France,1995,666.0743820934,1030.810984558,1749300344479.7,EU,0.3538346097669835,364.7366024646,2.3173962642760365e-4,0.02304792783922121,0.01005468378954427,WD,2,0,1,0
FRA,France,1996,669.051406566,1016.6921009595,1773739467493.06,EU,0.3419331123605811,347.6406943935,-0.01369686956193432,0.01397079871988998,-0.9803927346282874,SD,2,0.23601510906751916,0.7639848909324808,0
FRA,France,1997,686.7769264849,1042.9051101458,1818562957062.05,EU,0.3414770722631828,356.12818366089994,0.02578264271116271,0.02527061633935558,1.0202617286785252,EC,2,0.12352679706873655,0.8764732029312634,0
FRA,France,1998,787.7336754190001,1130.9855731205,1881350558837.76,EU,0.30349803380288426,343.25189770149996,0.0844568332418911,0.03452594342796109,2.446184661633116,END,2,0.25880748897157363,0.7364415067760369,0.004751004252389503
FRA,France,1999,801.5106399924,1192.2482878681,1945303460549.75,EU,0.32773177521134567,390.73764787569985,0.05416754749450094,0.03399308088094869,1.5934874418770018,END,2,0.33306620895343686,0.6563749751117279,0.01055881593483514
FRA,France,2000,833.3664546015,1205.9560251211,2025858476151.37,EU,0.30895784154499756,372.5895705195999,0.01149738472471307,0.04140999964029004,0.27764754466519337,WD,2,0,1,0
FRA,France,2001,799.0504954452999,1181.4276938706998,2064338989612.96,EU,0.32365687752978034,382.3771984253999,-0.02033932476761509,0.01899467011866164,-1.0707911556533098,SD,2,0.23601510906751916,0.7639848909324808,0
FRA,France,2002,800.9759242881,1205.969114298,2086380974762.6,EU,0.3358238492249018,404.9931900099,0.02077268084591395,0.01067750270694289,1.9454624752665075,END,2,0.30547934269574595,0.6848363961432254,0.009684261161028605
FRA,France,2003,760.0943836691,1252.3061131815,2106573536968.08,EU,0.3930442599708546,492.2117295124,0.03842303947433425,0.0096782718255843,3.970031031032192,END,2,0.38694879728888393,0.6007842088914267,0.012266993819689315
FRA,France,2004,800.3655584836,1286.681340853,2166995343501.89,EU,0.3779613233895184,486.3157823693999,0.02744954073902045,0.02868250525010053,0.95701336057192,EC,2,0.2271035027925498,0.7728964972074502,0
FRA,France,2005,784.9692384299001,1308.9927635767,2207920477337.34,EU,0.40032576170624096,524.0235251467998,0.01734028621951484,0.01888565841092877,0.9181721834744376,EC,2,0.11820542718283991,0.88179457281716,0
FRA,France,2006,817.7442606012,1333.6963026129,2267844862926.15,EU,0.38685871813611306,515.9520420117001,0.0188721738756597,0.02714064487552394,0.6953472904646809,WD,2,0,1,0
FRA,France,2007,852.1209234619,1381.888847529,2325232266328.63,EU,0.3833650767313124,529.7679240671,0.03613457188243239,0.02530481883510951,1.427971965256554,END,2,0.26004295415255635,0.7399570458474437,1.6477018930074916e-21
FRA,France,2008,848.8523186795,1364.8604193696,2334072135222.36,EU,0.37806657249862463,516.0081006901002,-0.01232257441678396,0.00380171435849179,-3.2413204293634856,SD,2,0.3084666139446441,0.6915333860553559,0
FRA,France,2009,782.4875723307,1245.8739013010002,2268145064848.79,EU,0.3719367814723547,463.38632897030016,-0.08717852490993715,-0.0282455153714815,3.086455451896559,RND,2,0.23450514042007872,0.21345783688709882,0.5520370226928224
FRA,France,2010,766.7161398554,1141.7297996642,2313515332182.54,EU,0.32846095452627866,375.01365980880007,-0.08359120576171306,0.02000324760390698,-4.1788817204555455,SD,2,0.5823640577760628,0.4176359422239372,0
FRA,France,2011,785.67812989,1253.8117321364998,2369909039106.43,EU,0.37336833772387695,468.1336022464998,0.09816852683118608,0.02437576537290075,4.027300284910147,END,2,0.6542932871797308,0.32496440333040194,0.020742309489867324
FRA,France,2012,765.6183081502,1181.4657685876,2374265767668.09,EU,0.3519758857969543,415.84746043739995,-0.05770081878690195,0.00183835264972969,-31.387241612965816,SD,2,0.7187536213941694,0.28124637860583046,0
FRA,France,2013,768.0000467759,1182.5981124074,2392826743357.49,EU,0.3505823840590341,414.5980656314998,9.58422875978688e-4,0.00781756446230964,0.12259865340407164,WD,2,0,1,0
FRA,France,2014,771.0520964461,1172.077247982,2416703156974.4,EU,0.34214907953068524,401.0251515359,-0.00889639879771403,0.00997832947295111,-0.8915719632058716,SD,2,0.23601510906751916,0.7639848909324808,0
FRA,France,2015,720.0799044751001,1092.8204992387,2442483452642.5,EU,0.34108126176555537,372.7405947635999,-0.0676207552699779,0.0106675474783489,-6.338922363103845,SD,2,0.28166761477982616,0.7183323852201738,0
FRA,France,2016,707.4953107857,1085.8879663491002,2463489569347.31,EU,0.34846380776794744,378.39265556340024,-0.00634370685252448,0.00860031075423816,-0.7376136785985734,SD,2,0.33230967507362946,0.6676903249263706,0
FRA,France,2017,775.801955597,1121.9639437383,2514819204088.14,EU,0.3085321859701785,346.16198814130007,0.03322255933132038,0.02083614859974001,1.594467383081292,END,2,0.4126722745368186,0.5742452497538153,0.01308247570936619
FRA,France,2018,725.5535128001,1125.4092483842,2556210832760.02,EU,0.35529807148660875,399.8557355841001,0.0030707801842727,0.01645908723958876,0.18657050294299465,WD,2,0,1,0
FRA,France,2019,762.0504203136,1124.1040383339,2608036638906.12,EU,0.3220819476433167,362.05361802030006,-0.0011597648163759,0.02027446464192555,-0.05720322764911032,SD,2,0.23601510906751916,0.7639848909324808,0
FRA,France,2020,699.4128539836,1073.8976118725,2413981867676.36,EU,0.34871551416892543,374.48475788889994,-0.04466350511098057,-0.07440645899482148,0.6002638173399576,RD,2,0,0.474181245023076,0.525818754976924
FRA,France,2021,753.5454450285999,1133.702406772,2580120255051.75,EU,0.33532341421575007,380.1569617434002,0.05568947564304701,0.06882337833602326,0.8091650975217858,EC,2,0.17213204424242767,0.8278679557575723,0
FRA,France,2022,770.6288317395,1116.1221055453998,2650215998256.03,EU,0.3095479178212964,345.4932738058998,-0.01550698059877693,0.02716762641858872,-0.5707889367974632,SD,2,0.23601510906751919,0.7639848909324808,0
FRA,France,2023,778.929456097,1147.8740641088,2688358302961.22,EU,0.3214155799384191,368.9446080118,0.02844846312571186,0.01439214944377738,1.9766653505680425,END,2,0.30547934269574595,0.6848363961432254,0.009684261161028607
FRA,France,2024,789.4639436912,1164.7949894844,2720362347819.81,EU,0.3222292756936922,375.3310457932,0.01474109913680934,0.01190467982758751,1.2382608646600306,END,2,0.38694879728888393,0.6007842088914267,0.012266993819689315
GRC,Greece,1995,198.545048217,223.2942488683,167488456016.048,EU,0.11083671333558252,24.749200651299983,0.13159876892999936,0.02099719532352892,6.267445099323961,END,2,0,1,0
GRC,Greece,1996,200.9483793107,228.689585216,169803934634.075,EU,0.1213050689610464,27.741205905299974,0.02416245100375247,0.01382470573258582,1.7477732597808455,END,2,0.26004295415255635,0.7399570458474437,1.6477018930074916e-21
GRC,Greece,1997,204.6552236728,227.9192576442,175921772178.591,EU,0.10207138357618296,23.26403397140001,-0.00336844186005421,0.03602883265160988,-0.09349295028862677,SD,2,0.3084666139446441,0.6915333860553559,0
GRC,Greece,1998,222.0565765491,257.5396224354,181968090540.634,EU,0.13777703621197315,35.483045886300005,0.1299599037718864,0.03436935796613589,3.781272373488496,END,2,0.38694879728888393,0.6007842088914267,0.012266993819689315
GRC,Greece,1999,219.4549393285,259.2060963443,186806231970.762,EU,0.15335733833589738,39.75115701580003,0.00647074765871419,0.0265878562321212,0.24337229757158024,WD,2,0,1,0
GRC,Greece,2000,239.4709237629,272.9072388861,194535950663.831,EU,0.1225189747977148,33.43631512320002,0.05285810301159328,0.04137826994058109,1.277436274824857,END,2,0.26004295415255635,0.7399570458474437,1.6477018930074916e-21
GRC,Greece,2001,243.9425332124,274.59175382020004,203582678904.899,EU,0.11161741087049856,30.64922060780006,0.00617248168636187,0.04650414594421802,0.13272970744943466,WD,2,0,1,0
GRC,Greece,2002,258.7370163261,301.9039393323,213116735217.242,EU,0.14298231120027552,43.16692300620002,0.0994646967074755,0.04683137270630341,2.1238902675617655,END,2,0.26004295415255635,0.7399570458474437,1.6477018930074916e-21
GRC,Greece,2003,250.5367262271,304.7202814981,225470734593.334,EU,0.1778140759276564,54.18355527099999,0.00932860356850163,0.05796822742943616,0.16092614837769884,WD,2,0,1,0
GRC,Greece,2004,270.2146385984,317.7194006041,237596249349.014,EU,0.14951797691729304,47.5047620057,0.04265918580178595,0.05377866345958355,0.7932362587226762,WD,2,0,1,0
GRC,Greece,2005,264.35453415759997,316.7729946699,240408216059.142,EU,0.165476418111095,52.41846051230005,-0.00297874770127507,0.0118350635493298,-0.251688357131277,SD,2,0.23601510906751916,0.7639848909324808,0
GRC,Greece,2006,264.2775566778,317.563070042,255898673342.699,EU,0.16779505676510997,53.28551336419997,0.00249413739616059,0.06443397624874124,0.03870841970907105,WD,2,0,1,0
GRC,Greece,2007,261.5379402004,335.2466494794,264872706550.759,EU,0.2198641191297848,73.708709279,0.05568525154723192,0.03506869766394603,1.5878904908545168,END,1,0.26004295415255635,0.7399570458474437,1.6477018930074916e-21
GRC,Greece,2008,254.4035406338,334.8716537852,265024939553.215,EU,0.2402953855360223,80.46811315140002,-0.00111856656817393,5.747402382012524e-4,-1.9462123822662496,SD,1,0.3084666139446441,0.6915333860553559,0
GRC,Greece,2009,219.5114360834,279.3763101888,254107830646.221,EU,0.2142804236513248,59.86487410539999,-0.16572123369987274,-0.04119276067149867,4.023066941821539,RND,3,0.23450514042007872,0.21345783688709882,0.5520370226928224
GRC,Greece,2010,186.7882870244,234.9196902221,239639588360.141,EU,0.2048844996866595,48.1314031977,-0.15912809477889023,-0.05693741215800341,2.7947897304728904,RND,3,0.057253596255957995,0.021160077771180563,0.9215863259728614
GRC,Greece,2011,182.30771586,216.2520740498,215970916413.204,EU,0.15696662489342442,33.9443581898,-0.07946382082596434,-0.09876778753002469,0.804551998310258,RC,3,0.06458144775687702,0,0.935418552243123
GRC,Greece,2012,157.34038936090002,182.6665324998,197978089510.093,EU,0.13864687084333688,25.326143138899965,-0.15530737310878082,-0.08331134211000171,1.864180424601944,RND,3,0.05576927646162264,0.016395253370211926,0.9278354701681655
GRC,Greece,2013,143.5311370521,169.18349243900002,193479795684.276,EU,0.15162445825587328,25.652355386900012,-0.07381231732098903,-0.02272116998880152,3.2486142816311205,RND,3,0.05576927646162264,0.016395253370211926,0.9278354701681655
GRC,Greece,2014,148.7709542012,172.89854337830002,195012591113.587,EU,0.1395476717482179,24.12758917710002,0.02195870817975625,0.00792225060963083,2.7717765142473185,END,1,0.5795418989996128,0.2906117922818939,0.12984630871849337
GRC,Greece,2015,142.78358628400002,162.8001751045,194567373678.099,EU,0.12295188753729228,20.016588820499976,-0.0584063235958264,-0.00228301892173047,25.582934525814565,RND,3,0.2810841584292151,0.0572294424265227,0.6616863991442622
GRC,Greece,2016,150.02962982440002,159.5205030721,194505511433.343,EU,0.05949625950847405,9.490873247699994,-0.02014538393644106,-3.1794767841374907e-4,63.36068889367903,RND,3,0.05753408929470734,0.01636460984969504,0.9261013008555976
GRC,Greece,2017,110.387926234,154.8730342515,197370820217.692,EU,0.2872359816058111,44.48510801750001,-0.02913399049713033,0.01473124727023964,-1.9777001880884448,SD,1,0.6367631714289467,0.3632368285710533,0
GRC,Greece,2018,113.588691772,158.3208121683,201445880434.67,EU,0.28254099877120603,44.73212039629999,0.02226196402403473,0.02064672078924028,1.0782324346458063,EC,1,0.44436802070759734,0.5556319792924026,0
GRC,Greece,2019,97.6697944748,147.4689244401,206033167050.895,EU,0.3376923657263655,49.79912996530001,-0.06854365878734936,0.02277180653348062,-3.0100228845072925,SD,1,0.5037485363320165,0.49625146366798345,0
GRC,Greece,2020,79.8652279703,134.8702795449,187085880047.738,EU,0.4078367136199798,55.0050515746,-0.0854325407405912,-0.09196231497269836,0.9289951081152568,RC,3,0.3279276054247101,0,0.6720723945752898
GRC,Greece,2021,78.7900174899,148.6772834725,203277223532.871,EU,0.470060148735006,69.8872659826,0.10237247208346945,0.08654497860021029,1.1828817077461349,EC,2,0.42792776703098084,0.5720722329690192,0
GRC,Greece,2022,80.7193991007,145.5399855941,214502162962.972,EU,0.4453799155524152,64.82058649339999,-0.02110139360314781,0.0552198580589421,-0.3821341514609477,SD,2,0.48703706725156026,0.5129629327484397,0
GRC,Greece,2023,82.2367351786,150.9213374948,219083738943.271,EU,0.4551019985399118,68.68460231620001,0.03697507512271032,0.02135911319966455,1.7311147132873954,END,2,0.5678164563545542,0.41418270991855066,0.018000833726895017
GRC,Greece,2024,83.63013243639999,152.80218228619998,223655084018.924,EU,0.45269019600937416,69.17204984979999,0.01246241798953557,0.02086574338060164,0.597266905962314,WD,2,0,1,0
HRV,Croatia,1995,34.9408411839,54.0480404786,33747976036.3504,EU,0.3535225167370385,19.107199294700003,0.2845384512594263,0.06750714019687828,4.214938603969838,END,2,0,1,0
HRV,Croatia,1996,37.3996960424,53.724163808300005,35809633429.5919,EU,0.3038570842004988,16.324467765900003,-0.00599238506025454,0.06108980849757822,-0.0980914035848074,SD,1,0.23601510906751916,0.7639848909324808,0
HRV,Croatia,1997,47.0944057669,68.2855101479,38018368234.5642,EU,0.31033090819856296,21.191104380999995,0.27103905035280174,0.06167990547334315,4.394284463842758,END,1,0.30547934269574595,0.6848363961432254,0.009684261161028605
HRV,Croatia,1998,49.3818999963,65.3438673952,38874419434.9495,EU,0.24427644146560756,15.961967398899992,-0.04307857913529069,0.02251677912906912,-1.91317678644706,SD,1,0.3615021510452707,0.6384978489547294,0
HRV,Croatia,1999,45.0161141717,63.6230975678,38544494402.669,EU,0.2924564208190501,18.6069833961,-0.02633406769441373,-0.00848694429591629,3.102891544496765,RND,1,0.2456284414396141,0.17614971976357252,0.5782218387968134
HRV,Croatia,2000,39.0283474656,55.2666028388,39679727338.7054,EU,0.29381678154822116,16.238255373199998,-0.13134372654671364,0.02945253151271822,-4.459505509398968,SD,1,0.6389784733500373,0.3610215266499627,0
HRV,Croatia,2001,43.0772977291,61.663627257799995,40914256867.7491,EU,0.3014147943486241,18.5863295287,0.11574846454121036,0.031112349097204742,3.720338319024894,END,1,0.7027410883811471,0.2749807170659507,0.022278194552902208
HRV,Croatia,2002,51.0245978201,72.41959521289999,43288645498.5317,EU,0.2954310546738452,21.394997392799993,0.17442969921526058,0.0580332825904074,3.0056838322651234,END,1,0.76763622903056306,0.20802828021907438,0.0243354907503625
HRV,Croatia,2003,56.065871916599995,82.91347566760001,45699118672.157,EU,0.32380265734646096,26.847603751000015,0.14490388166144788,0.05568372828175134,2.602266158046313,END,1,0.8200850523643382,0.15391673200750342,0.025998215628158308
HRV,Croatia,2004,62.1934322565,86.5052918121,47604993515.2593,EU,0.28104476669945594,24.3118595556,0.04332005280902192,0.04170484898789724,1.0387294010246486,EC,2,0.7038749264682291,0.2961250735317709,0
HRV,Croatia,2005,54.72517252750001,87.338889965,49664897966.6282,EU,0.37341575385912906,32.6137174375,0.00963638334069418,0.04327076424679303,0.22269963353855884,WD,2,0,1,0
HRV,Croatia,2006,58.613052524,89.639987668,52182450238.361,EU,0.34612828438703713,31.026935144000007,0.02634677065305195,0.0506907770841379,0.5197547200612231,WD,2,0,1,0
HRV,Croatia,2007,60.486676158,98.3897402625,54817286358.3919,EU,0.3852339075535325,37.9030641045,0.09760992635236064,0.05049276352481329,1.9331468420102,END,1,0.26004295415255635,0.7399570458474437,1.6477018930074916e-21
HRV,Croatia,2008,62.906641559,101.3148832949,55898760192.6292,EU,0.37909772470550135,38.4082417359,0.02973016317144281,0.01972870067238823,1.5069498830732606,END,1,0.33306620895343686,0.656374975111728,0.01055881593483514
HRV,Croatia,2009,54.223010352,84.7860364498,52090762145.947,EU,0.3604724006162939,30.5630260978,-0.16314332413520172,-0.06812312175725727,2.3948304177329014,RND,3,0.24071967567510089,0.19261396969736294,0.5666663546275362
HRV,Croatia,2010,47.889641780199995,72.7131257771,51394805225.024,EU,0.3413893121992264,24.82348399690001,-0.142392676650808,-0.01336046723549708,10.657761748967024,RND,3,0.057400494924342106,0.018648614901777646,0.9239508901738803
HRV,Croatia,2011,61.116364479000005,82.1631677017,51337804931.0411,EU,0.256158614759257,21.0468032227,0.1299633570088684,-0.00110906722446628,-117.1825784243249,SND,3,0,0.2106343559977512,0.7893656440022488
HRV,Croatia,2012,53.366600930699995,72.1088023712,50189155633.3966,EU,0.2599155834542826,18.742201440500004,-0.12237071198378316,-0.02237433601197811,5.4692444020806645,RND,3,0.05576927646162264,0.016395253370211926,0.9278354701681654
HRV,Croatia,2013,51.9939013953,69.47250857670001,50122079966.6919,EU,0.2515902698706069,17.478607181400008,-0.03655994424826168,-0.00133645736530509,27.355862743826105,RND,3,0.05576927646162264,0.016395253370211922,0.9278354701681655
HRV,Croatia,2014,39.9876829971,60.3561381086,49842552678.5614,EU,0.33747114626271535,20.3684551115,-0.13122270456140542,-0.00557692913614633,23.529562839681407,RND,3,0.05576927646162264,0.016395253370211926,0.9278354701681655
HRV,Croatia,2015,40.764639485699995,54.966360259800005,50998893384.8289,EU,0.25837113294340736,14.20172077410001,-0.08929958108158047,0.02319986927083842,-3.84914156364784,SD,1,0.6367631714289467,0.3632368285710534,0
HRV,Croatia,2016,59.916949734,65.3789508512,52766750207.3137,EU,0.08354372540531141,5.462001117200003,0.18943569379861797,0.03466461142881769,5.464815152698773,END,1,0.7008838392022056,0.27689684448500906,0.022219316312785363
HRV,Croatia,2017,39.5302072448,54.114339673100005,54499590874.6275,EU,0.26950587434682693,14.584132428300002,-0.17229721541016807,0.03283963216430231,-5.246624400301914,SD,1,0.7626285065828784,0.2373714934171216,0
HRV,Croatia,2018,40.7460313321,56.7526008561,56086115348.75,EU,0.28204116256426254,16.006569524000007,0.04875345793624208,0.02911075934078452,1.6747573419679886,END,1,0.8017539084020735,0.17282900719764244,0.025417084400284107
HRV,Croatia,2019,42.3136416645,54.8646675977,57825641269.2151,EU,0.22876336416054688,12.551025933200002,-0.03326602181963403,0.03101526838948514,-1.072569206942989,SD,1,0.8548237150789202,0.14517628492107984,0
HRV,Croatia,2020,41.9678988456,57.1293517056,53019830857.522,EU,0.2653881482522376,15.161452859999995,0.0412776420064366,-0.08310864015011954,-0.4966708868280915,SND,2,0,0.3332923611881749,0.666707638811825
HRV,Croatia,2021,42.8828844073,57.5822148047,59717412023.485,EU,0.25527552990546315,14.699330397399995,0.00792697773700815,0.12632219035102413,0.06275206054439578,WD,2,0,1,0
HRV,Croatia,2022,44.2869451144,59.2844956768,64073470836.9772,EU,0.2529759322599592,14.9975505624,0.02956261543383797,0.07294453436426716,0.4052752641645431,WD,2,0,1,0
HRV,Croatia,2023,45.551285313,62.061836711999995,66483687609.844,EU,0.26603388287745583,16.510551398999993,0.04684767920336483,0.03761645407034587,1.2454039159500738,END,2,0.26004295415255635,0.7399570458474437,1.6477018930074916e-21
HRV,Croatia,2024,46.8143712368,63.8337343455,69027943227.3244,EU,0.26662020142175485,17.0193631087,0.02855051876280351,0.03826887028907345,0.7460507338507787,WD,2,0,1,0
HUN,Hungary,1995,127.6042399848,125.087950916,79580966214.7964,EU,-0.02011615867374599,-2.516289068800006,-0.06355466513748412,0.01489525475930469,-4.266772617486324,SD,2,0,1,0
HUN,Hungary,1996,130.7880681462,123.4181354094,79661529391.287,EU,-0.05971515217234992,-7.36993273680001,-0.01334913150604993,0.00101234227633217,-13.186381541246428,SD,2,0.23601510906751916,0.7639848909324808,0
HUN,Hungary,1997,131.2497689339,125.4979733237,82033753398.2324,EU,-0.04583178084768145,-5.751795610199991,0.01685196350925904,0.02977879065431132,0.5659048987209039,WD,2,0,1,0
HUN,Hungary,1998,133.1511846956,132.1307536071,85190500943.9874,EU,-0.0077228885830344,-1.020431088500004,0.05285169240376419,0.03848108144498248,1.3734461303881955,END,1,0.26004295415255635,0.7399570458474437,1.6477018930074916e-21
HUN,Hungary,1999,129.460822795,131.1741456592,87819529312.3301,EU,0.01306143718786881,1.713322864199995,-0.00723985841134701,0.03086058115882284,-0.23459890058736577,SD,1,0.3084666139446441,0.6915333860553559,0
HUN,Hungary,2000,132.936998173,129.4954132228,91691821698.8094,EU,-0.02657688689157402,-3.441584950199996,-0.01279773866994694,0.04409375018064039,-0.2902392882782255,SD,1,0.36150215104527067,0.6384978489547293,0
HUN,Hungary,2001,148.170952261,137.6726732345,95416367494.0372,EU,-0.07625535830642381,-10.4982790265,0.06314710157054605,0.04062026172260204,1.5545715092084098,END,1,0.44347213206256697,0.5424689796779754,0.01405888825945766
HUN,Hungary,2002,149.52521542160002,149.0074567247,99929623991.0794,EU,-0.0034747166905654,-0.5177586969000174,0.08233139681172093,0.04730065308055507,1.7405974642994246,END,1,0.5322353649817658,0.4508917878131371,0.016872847205097043
HUN,Hungary,2003,153.549164409,153.8439009281,103865629649.023,EU,0.00191581542928849,0.29473651909998466,0.03245773271827332,0.03938777612427473,0.8240559867067384,EC,1,0.35002316279416557,0.6499768372058344,0
HUN,Hungary,2004,181.488254996,182.5593490048,109020611056.081,EU,0.00586710028622988,1.071094008800003,0.18665314584112347,0.04963125361563231,3.760798534057853,END,1,0.43145077356295297,0.5548714375154145,0.013677788921632504
HUN,Hungary,2005,223.098703205,207.4727574752,113708806061.092,EU,-0.07531565069051471,-15.625945729800035,0.13646744801738403,0.04300283184616677,3.173452588089233,END,1,0.520188326011859,0.4633207402393586,0.016490933748782376
HUN,Hungary,2006,178.46901918,177.295364267,118182032745.55,EU,-0.00661977214041833,-1.1736549130000071,-0.14545231660984326,0.03933931627120146,-3.6973778498616743,SD,1,0.5876402644736343,0.41235973552636573,0
HUN,Hungary,2007,143.505295163,162.1448356057,118574815857.973,EU,0.11495611545733836,18.639540442699996,-0.0854536085810111,0.00332354337878651,-25.711597184632407,SD,1,0.6439766964589474,0.3560233035410525,0
HUN,Hungary,2008,164.196346523,174.9760311793,119752782052.746,EU,0.06160663596978005,10.77968465630002,0.07913416129270139,0.00993437085480228,7.96569430005201,END,1,0.706920210153327,0.27066910939044153,0.02241068045623165
HUN,Hungary,2009,141.767061056,150.5381176484,111681245651.521,EU,0.05826468890016201,8.771056592400015,-0.1396643492608321,-0.06740166084550618,2.072120293607629,RND,1,0.2849398672768911,0.044297198928780694,0.6707629337943283
HUN,Hungary,2010,133.8192553524,143.0478702516,112873946275.587,EU,0.0645141719549422,9.228614899199982,-0.04975648369866291,0.01067950681520506,-4.659061936064461,SD,1,0.6443667542879371,0.3556332457120629,0
HUN,Hungary,2011,129.364378122,142.7220477352,115037411549.874,EU,0.09359219423465114,13.357669613199988,-0.00227771665406078,0.01916709165997249,-0.1188347556566154,SD,1,0.6969499371319939,0.3030500628680059,0
HUN,Hungary,2012,110.4072392352,127.5099110781,113496503293.017,EU,0.13412817637700783,17.10267184289998,-0.10658575110500024,-0.01339484465181086,7.957221892124804,RND,3,0.2832379149117923,0.05000563368787342,0.6667564514003342
HUN,Hungary,2013,124.1840251316,135.11840960089998,115802945078.187,EU,0.08092446100865844,10.934384469299973,0.05966985984438308,0.02032169906781528,2.9362633333590633,END,2,0.5875674664302983,0.2850646889449348,0.12736784462476688
HUN,Hungary,2014,147.2258188628,152.99817713890002,120822254244.73,EU,0.03772828136938888,5.772358276100022,0.13232665771312443,0.0433435364113935,3.0529732612759393,END,2,0.7311508437322045,0.24567031983216345,0.023178836435632046
HUN,Hungary,2015,127.3706707574,138.1542382206,125244126623.289,EU,0.07805455411350584,10.7835674632,-0.09702036452907464,0.03659816154069049,-2.6509627927950876,SD,2,0.7906878883674077,0.20931211163259225,0
HUN,Hungary,2016,132.6778844041,138.6985548339,128298381762.592,EU,0.04340831407371268,6.020670429799992,0.00393991976149766,0.02438641413093665,0.1615620788010597,WD,2,0,1,0
HUN,Hungary,2017,136.3891470435,147.5109807633,133589642960.172,EU,0.07539664953923936,11.121833719800009,0.06353653749279094,0.04124183894517971,1.5405844918129432,END,2,0.26004295415255635,0.7399570458474437,1.6477018930074916e-21
HUN,Hungary,2018,154.1062299866,166.9889271493,141078862882.165,EU,0.07714701437168914,12.882697162699998,0.13204404367194067,0.0560613813768918,2.355347664093923,END,2,0.33306620895343686,0.656374975111728,0.01055881593483514
HUN,Hungary,2019,152.6725701271,168.9428241782,148241697677.304,EU,0.09630627480181243,16.27025405110001,0.01170075802183625,0.05077184950889261,0.23045758890045728,WD,2,0,1,0
HUN,Hungary,2020,144.6529741156,166.531791802,141809897486.431,EU,0.1313792246492675,21.8788176864,-0.01427129200620482,-0.04338725400240545,0.3289282148488494,RD,2,0,1,1.7461605453524642e-19
HUN,Hungary,2021,143.317752527,181.3646991264,152052706989.445,EU,0.20978143366743937,38.04694659939997,0.08906952338587573,0.07222915808111409,1.2331518980997915,END,2,0.26004295415255635,0.7399570458474437,1.7179751572796085e-20
HUN,Hungary,2022,147.9507892247,183.3305738795,158366514062.482,EU,0.19298354827632036,35.379784654800005,0.01083934614932921,0.04152380577792193,0.2610393230163036,WD,2,0,1,0
HUN,Hungary,2023,152.15592479120002,190.9336537683,157072489603.652,EU,0.20309530672972484,38.77772897709997,0.04147196906609453,-0.00817107370513593,-5.0754613852066095,SND,2,0,1,1.86768988559133e-20
HUN,Hungary,2024,156.4015090377,196.693931627,157952280644.587,EU,0.204848325802488,40.2924225893,0.03016900239959886,0.00560117843140459,5.3861884189312415,END,2,0.26004295415255635,0.7399570458474437,1.8375428499334412e-21
IRL,Ireland,1995,91.712411949,67.3553158767,103381809953.759,EU,-0.36162099093838207,-24.357096072299996,-0.00439714705315316,0.09634421365589972,-0.04563997033447067,SD,2,0,1,0
IRL,Ireland,1996,98.6905818173,69.8905803828,111010999492.641,EU,-0.412072718194048,-28.800001434500004,0.03764015465002084,0.0737962465765923,0.5100551368958114,WD,2,0,1,0
IRL,Ireland,1997,99.5051582759,77.596579448,123246371072.281,EU,-0.2823394920723491,-21.9085788279,0.1102580494108537,0.11021765082343116,1.0003665346441402,EC,2,0.09993963160967073,0.9000603683903293,0
IRL,Ireland,1998,102.2792154626,81.8600852277,134050299130.928,EU,-0.24943939623447303,-20.419130234899995,0.05494450670415326,0.08766122657121277,0.6267823170317878,WD,2,0,1,0
IRL,Ireland,1999,188.6301847141,138.6333898157,148165642333.121,EU,-0.3606403548587108,-49.996794898400026,0.6935407461411845,0.10529885642706728,6.586403401460954,END,2,0.26004295415255635,0.7399570458474437,1.6477018930074916e-21
IRL,Ireland,2000,188.5323764136,135.1644200216,162098435201.65,EU,-0.3948373128332997,-53.367956392,-0.0250226139511678,0.09403524763996146,-0.26609824059775355,SD,2,0.3084666139446441,0.6915333860553559,0
IRL,Ireland,2001,202.4259732024,141.58217472159998,170699088560.512,EU,-0.42974194032857727,-60.84379848080002,0.04748109523922344,0.0530582133514294,0.8948868090362166,EC,2,0.16908953980132452,0.8309104601986754,0
IRL,Ireland,2002,203.5241947467,145.7659940779,180769250950.138,EU,-0.39623919854676776,-57.75820066879999,0.02955046681919427,0.05899365060790107,0.5009092760778657,WD,2,0,1,0
IRL,Ireland,2003,194.6050540011,145.9080192769,186217344582.055,EU,-0.33375159888768124,-48.697034724199995,9.743369837282892e-4,0.03013838693960043,0.03232877013892393,WD,2,0,1,0
IRL,Ireland,2004,198.9866089047,152.2631046281,198858038461.921,EU,-0.30686031518089274,-46.72350427660001,0.04355542198910597,0.06788139906213725,0.6416400161292526,WD,2,0,1,0
IRL,Ireland,2005,235.0919849837,181.4185621015,210272056411.317,EU,-0.2958540860453452,-53.673422882199986,0.19148077628268317,0.05739782026252687,3.336028709921143,END,1,0.26004295415255635,0.7399570458474437,1.6477018930074916e-21
IRL,Ireland,2006,259.0934441908,207.2029365531,220760118842.237,EU,-0.2504332636444177,-51.89050763770004,0.14212644038692232,0.04987853645376504,2.849450895951339,END,1,0.33306620895343686,0.656374975111728,0.01055881593483514
IRL,Ireland,2007,228.2894251757,188.5808417068,232482742331.818,EU,-0.21056531039689463,-39.7085834689,-0.08987370138708295,0.05310118308986052,-1.6924990397105486,SD,1,0.3917544466649588,0.6082455533350412,0
IRL,Ireland,2008,178.3320070915,156.2751518678,222058051543.628,EU,-0.1411411536643962,-22.056855223700012,-0.17130950072451126,-0.04484070810430758,3.820401326536022,RND,3,0.2509752900004976,0.1582161178588089,0.5908085921406935
IRL,Ireland,2009,148.20778775780002,135.42225484920002,210742455593.378,EU,-0.09441234694280776,-12.785532908600004,-0.13343706129455793,-0.05095782779138189,2.6185782847895474,RND,3,0.057534089294707345,0.016364609849695035,0.9261013008555976
IRL,Ireland,2010,135.217497025,120.1388763638,214289191596.523,EU,-0.12550991916671073,-15.078620661199992,-0.11285721466105322,0.01682971754864787,-6.705829395818965,SD,1,0.6367631714289467,0.3632368285710533,0
IRL,Ireland,2011,114.4673487101,111.2948058143,217736818590.032,EU,-0.0285057588499998,-3.1725428957999924,-0.07361539259547184,0.01608866489169649,-4.575606061225467,SD,1,0.6899296131160926,0.3100703868839073,0
IRL,Ireland,2012,106.6608850057,104.8364782556,216854920423.995,EU,-0.01740240401486929,-1.8244067501000103,-0.05802901143002121,-0.00405029416590084,14.327110341407678,RND,3,0.28276314877284614,0.05159802345481234,0.6656388277723415
IRL,Ireland,2013,116.78597298,101.3800817713,221610413457.216,EU,-0.15196171614315382,-15.405891208700012,-0.03296940665894003,0.02192937575003169,-1.5034357126601008,SD,2,0.6443667542879371,0.35563324571206284,0
IRL,Ireland,2014,113.7175200049,107.2792270867,242410308909.292,EU,-0.06001434847211145,-6.438292918199991,0.05818840557564053,0.093857933513091,0.6199625689342989,WD,2,0,1,0
IRL,Ireland,2015,113.1757764159,115.1286139361,302101388556.271,EU,0.01696222557915873,1.9528375202000063,0.07316781694424719,0.24623985636400855,0.2971404305730488,WD,2,0,1,0
IRL,Ireland,2016,117.7098170619,142.4810534543,305795232417.145,EU,0.1738563534719037,24.771236392399985,0.23758159316832791,0.01222716611309447,19.430634291775423,END,2,0.26004295415255635,0.7399570458474437,1.6477018930074916e-21
IRL,Ireland,2017,117.7135385789,138.8376256043,336707637029.955,EU,0.15214958433246037,21.1240870254,-0.02557131465320478,0.10108857606596496,-0.25295949006659585,SD,2,0.3084666139446441,0.6915333860553559,0
IRL,Ireland,2018,112.3395445769,135.67740047040002,362595940328.693,EU,0.17200989857254448,23.33785589350001,-0.02276202232748431,0.07688659374374344,-0.29604669968015784,SD,2,0.36150215104527067,0.6384978489547293,0
IRL,Ireland,2019,95.7596612901,187.4824337751,380627401462.693,EU,0.48923395455293006,91.722772485,0.3818250727467467,0.04972880037667959,7.678147670053272,END,2,0.44347213206256697,0.5424689796779754,0.01405888825945766
IRL,Ireland,2020,91.7729424193,171.73341086649998,407856325068.063,EU,0.46560810761138766,79.96046844719997,-0.08400265876371228,0.0715369505735357,-1.174255515369817,SD,2,0.509236838751413,0.49076316124858704,0
IRL,Ireland,2021,96.2092236586,141.8216658324,474166373639.897,EU,0.321618293693597,45.61244217379999,-0.17417545533613388,0.16258188115819505,-1.0713091403257788,SD,2,0.5684178826540782,0.43158211734592183,0
IRL,Ireland,2022,98.5152831254,142.01412832789998,509781668505.942,EU,0.306299420449664,43.49884520249998,0.00135707400114338,0.07511138884153114,0.01806748646342464,WD,2,0,1,0
IRL,Ireland,2023,100.4343703536,148.6731163344,496851698334.418,EU,0.324461793565287,48.23874598079999,0.04688961644101287,-0.02536374093132632,-1.8486869333655864,SND,2,0,1,1.86768988559133e-20
IRL,Ireland,2024,102.2568410466,154.06136763179998,509767195342.461,EU,0.33625903353662656,51.80452658519998,0.03624227049415292,0.02599467215537197,1.394219179896955,END,2,0.26004295415255635,0.7399570458474437,1.8375428499334412e-21
ITA,Italy,1995,682.8731321454001,1099.1790450329,1671695507214.02,EU,0.3787425849944578,416.3059128875001,0.0272165340551498,0.02886836719258468,0.9427805138262488,EC,2,0,1,0
ITA,Italy,1996,695.9750537488001,1061.6797885915998,1694189587392.1,EU,0.3444586011455821,365.7047348427998,-0.03411569444555566,0.0134558477192822,-2.5353805391739037,SD,1,0.23601510906751916,0.7639848909324808,0
ITA,Italy,1997,716.0064740061,1105.9734231112002,1726814955886.64,EU,0.3526006511151859,389.9669491051002,0.04172033318855892,0.01925721226085486,2.166478336709515,END,1,0.30547934269574595,0.6848363961432254,0.009684261161028605
ITA,Italy,1998,725.8383744457999,1143.5332643672,1757973143577.88,EU,0.36526693445384034,417.6948899214001,0.03396088953958828,0.01804373281863412,1.882143228396521,END,1,0.38694879728888393,0.6007842088914267,0.012266993819689315
ITA,Italy,1999,761.0156884926,1217.7264531521,1787471784895.84,EU,0.3750520188481564,456.7107646595,0.06488065638034282,0.01677991579434694,3.8665662674064647,END,1,0.47461060490359513,0.5103433595539689,0.015046035542435993
ITA,Italy,2000,739.7401119653999,1190.0012704198,1856863206512.55,EU,0.3783703174497958,450.26115845440006,-0.02276798919866859,0.03882098850626252,-0.5864865907522089,SD,1,0.5413698151543163,0.45863018484568374,0
ITA,Italy,2001,744.5196530324,1165.4634437768,1894119928193.34,EU,0.3611814621832237,420.9437907444,-0.02062000037558257,0.02006433298377611,-1.0276942867852008,SD,1,0.5997217658808897,0.4002782341191103,0
ITA,Italy,2002,787.3268624657001,1265.0091870978,1899232719747.26,EU,0.3776117434593537,477.68232463210006,0.0854130121820141,0.00269929663788323,31.642692019575204,END,1,0.6693678718858479,0.30941192635864156,0.021220201755510586
ITA,Italy,2003,800.1055290904,1290.1108390857,1900496731461.62,EU,0.379816443013971,490.0053099953001,0.01984305904172021,6.655380887331783e-4,29.81506149331075,END,1,0.7397346177397607,0.23681442428439822,0.023450957975841118
ITA,Italy,2004,843.3858355689,1310.1346783143,1928510465814.16,EU,0.35626020016960996,466.7488427454001,0.0155210223974172,0.01474021706472244,1.0529710878249856,EC,1,0.5876402644736342,0.4123597355263658,0
ITA,Italy,2005,759.3700067398,1246.9024180825,1943213635518.5,EU,0.39099483991091505,487.5324113426999,-0.04826393902736662,0.00762410677306479,-6.330438497776323,SD,1,0.6439766964589474,0.3560233035410526,0
ITA,Italy,2006,767.9159528250001,1286.9680069015,1978181374737.88,EU,0.403313875164751,519.0520540765,0.03213209649606217,0.01799479922342639,1.7856323984004911,END,1,0.7069202101533267,0.27066910939044153,0.022410680456231645
ITA,Italy,2007,761.1380663849,1270.0239956106998,2007108163772.48,EU,0.40069001135769766,508.8859292257998,-0.01316583722356442,0.01462292052892928,-0.9003562043244211,SD,1,0.7682521772275342,0.23174782277246572,0
ITA,Italy,2008,689.6923631326999,1255.5503989901,1986572667176.02,EU,0.4506852423547052,565.8580358574,-0.01139631744803385,-0.01023138511771197,1.1138587118869387,RC,3,0.3279276054247102,0,0.6720723945752898
ITA,Italy,2009,617.2733692411,1120.1824501431,1881181927615.29,EU,0.44895282981603113,502.9090809019999,-0.10781562329627148,-0.05305154012339577,2.032280741435529,RND,3,0.06552471923294106,0.016225863673406674,0.9182494170936523
ITA,Italy,2010,633.5643889363,1143.6640123139998,1909947188308.66,EU,0.4460222739243183,510.0996233776998,0.02096226571653591,0.01529105732470788,1.370883992610784,END,1,0.5795418989996127,0.2906117922818938,0.12984630871849337
ITA,Italy,2011,626.0278153149001,1163.3923962642,1923230167272.61,EU,0.4618945273106868,537.3645809492999,0.01725015715960434,0.00695463154440036,2.480384050466854,END,1,0.725169070346478,0.25184172651735376,0.022989203136168115
ITA,Italy,2012,514.9990131851999,1019.3735707455,1863124632394.25,EU,0.4947887330367365,504.3745575603,-0.12379213237181418,-0.03125238772829648,3.961045583078138,RND,3,0.2861182315722135,0.04034490517471764,0.6735368632530688
ITA,Italy,2013,515.9270570393,1002.2604515193,1829252558793.34,EU,0.4852365408041194,486.3333944799999,-0.01678787808250189,-0.01818025107498141,0.9234128843030324,RC,3,0.06660545018759077,0,0.9333945498124093
ITA,Italy,2014,462.5565399461,925.9775506234,1829227175768.29,EU,0.5004667881692262,463.4210106773001,-0.07611085599582897,-1.38761730456688e-5,5485.003375594657,RND,3,0.05576927646162264,0.016395253370211926,0.9278354701681655
ITA,Italy,2015,461.7700334771,888.8067737347,1845428048839.1,EU,0.4804607175339397,427.03674025759994,-0.0401422009244991,0.00885667635240853,-4.532422697548681,SD,1,0.6367631714289467,0.3632368285710534,0
ITA,Italy,2016,452.9410204908,907.0723297918,1868241619489.51,EU,0.5006561157093575,454.131309301,0.02055064902391502,0.01236221085116875,1.6623765175443601,END,1,0.7008838392022056,0.27689684448500906,0.022219316312785363
ITA,Italy,2017,456.3341129096,934.9550295945,1898202609462.08,EU,0.5119186501328122,478.6209166848999,0.03073922430099915,0.01603699952940605,1.9167690467680407,END,1,0.7661004455836754,0.2096127508467554,0.024286803569569203
ITA,Italy,2018,447.06560716,962.1553368652,1913894038926.83,EU,0.5353498650055976,515.08972970520006,0.0290926369822268,0.00826646712344194,3.5193555539253594,END,1,0.8188704812778297,0.15516980724783339,0.02595971147433702
ITA,Italy,2019,428.3010359817,919.787083467,1922107755078.16,EU,0.5343476292716753,491.4860474853,-0.04403473303618523,0.00429162533780369,-10.260619129143434,SD,1,0.8686485545099335,0.13135144549006667,0
ITA,Italy,2020,396.3094801893,848.7443585562,1751650987235.43,EU,0.5330637827584945,452.4348783669,-0.07723822848546102,-0.08868221221853329,0.8709551391786251,RC,1,0.32792760542471017,0,0.6720723945752898
ITA,Italy,2021,419.940841889,943.2538583664,1908092024820.83,EU,0.5547955217312484,523.3130164774,0.11135213902448808,0.089310621080005,1.2467961556860987,END,1,0.6206911532871613,0.2621702935662897,0.117138553146549
ITA,Italy,2022,433.1177390596,925.7220732279,2000084512919.56,EU,0.5321298350925544,492.60433416830006,-0.01858649713753933,0.04821176699135781,-0.3855178579302238,SD,1,0.7503138490652854,0.24968615093471466,0
ITA,Italy,2023,443.7513843526,953.8818258835,2019599234310.29,EU,0.5347941722848208,510.1304415309,0.03041922999352261,0.00975694840126729,3.1176991762682236,END,1,0.7922860994687442,0.18259696321628338,0.025116937314972346
ITA,Italy,2024,452.4895410781001,968.7833018288,2033588532657.24,EU,0.532930078146555,516.2937607506999,0.01562193087335314,0.00692676948440585,2.2552982178088343,END,1,0.8394078081165098,0.13398140909644157,0.026610782787048575
LTU,Lithuania,1995,27.0071939397,32.8392322733,17870049092.5502,EU,0.17759362597345948,5.8320383336,0.02692925636079349,0.0329008018404146,0.8184984819340849,EC,2,0,1,0
LTU,Lithuania,1996,28.8485783951,36.3675156673,18768366411.8313,EU,0.2067487188562808,7.518937272199995,0.10744110473217965,0.05026943768473443,2.137304686119591,END,2,0.26004295415255635,0.7399570458474437,1.6477018930074916e-21
LTU,Lithuania,1997,31.656401914900002,40.401163475500006,20326259134.8192,EU,0.21644826060276667,8.744761560600004,0.1109134823808402,0.08300630373487526,1.3362055336797232,END,2,0.33306620895343686,0.656374975111728,0.01055881593483514
LTU,Lithuania,1998,31.8418901561,42.7129666817,21843195078.8693,EU,0.25451466779659715,10.871076525599996,0.05722120373097463,0.07462937149372298,0.7667383844414054,WD,2,0,1,0
LTU,Lithuania,1999,28.571996771899997,45.2795551076,21603573442.0349,EU,0.3689868042209564,16.707558335700007,0.06008921002903847,-0.01097008180209889,-5.477553505347761,SND,2,0,1,1.86768988559133e-20
LTU,Lithuania,2000,28.7805280907,43.274885828,22342117970.7075,EU,0.3349369376711739,14.494357737300003,-0.04427316643982482,0.03418622065716153,-1.2950588157673468,SD,2,0.23601510906751916,0.7639848909324808,0
LTU,Lithuania,2001,27.1718788914,42.978134901299995,23790809196.6404,EU,0.3677743588966652,15.806256009899997,-0.00685734742038304,0.06484126651879031,-0.10575591422779908,SD,2,0.28166761477982616,0.7183323852201738,0
LTU,Lithuania,2002,32.3760348721,45.460318298,25389513378.757,EU,0.28781768178855083,13.084283425899995,0.05775456292834432,0.06719839451036241,0.859463434344971,EC,2,0.1517423353491459,0.848257664650854,0
LTU,Lithuania,2003,32.0474273917,48.506762485,28068588415.9846,EU,0.3393204215265821,16.459335093299998,0.0670132612585344,0.10551895962957444,0.6350826571242292,WD,2,0,1,0
LTU,Lithuania,2004,35.2808557538,50.0646974102,29893617960.0569,EU,0.29529473703336506,14.7838416564,0.03211789130807818,0.0650203536075571,0.49396672774085343,WD,2,0,1,0
LTU,Lithuania,2005,36.3658464764,51.2850219209,32204827116.6036,EU,0.2909070696608212,14.9191754445,0.02437495029084862,0.07731446757749025,0.31527023407900023,WD,2,0,1,0
LTU,Lithuania,2006,37.9452903731,54.665383249799994,34586529059.4547,EU,0.30586253827757015,16.720092876699994,0.06591322772784869,0.07395481224686286,0.8912635395223346,EC,2,0.09993963160967073,0.9000603683903293,0
LTU,Lithuania,2007,42.3680229948,64.5429514377,38417999935.5475,EU,0.34356855317198065,22.174928442899997,0.1806914650678159,0.11077928257867262,1.631094378495306,END,2,0.2590686107825218,0.7371845337288926,0.0037468554885856263
LTU,Lithuania,2008,41.3990037378,62.8284032966,39416661070.6359,EU,0.34107821358496415,21.4293995588,-0.02656445208823401,0.02599461546056066,-1.0219213332291033,SD,2,0.3084666139446441,0.691533386055356,0
LTU,Lithuania,2009,30.7502270008,49.3474308786,33567775753.9873,EU,0.3768626562049629,18.5972038778,-0.21456812063739855,-0.1483861178948469,1.4460120911677954,RND,2,0.23450514042007872,0.21345783688709888,0.5520370226928224
LTU,Lithuania,2010,33.6100164298,49.0247788826,33711177146.509,EU,0.3144279852789107,15.414762452800003,-0.00653837474931078,0.0042719956655056,-1.5305199867371455,SD,2,0.5823640577760627,0.41763594222393724,0
LTU,Lithuania,2011,37.1301964276,53.4790076146,35842949499.0897,EU,0.3057052087581503,16.348811187000003,0.09085668173367129,0.06323636648213153,1.4367789736835106,END,2,0.6542932871797307,0.324964403330402,0.020742309489867317
LTU,Lithuania,2012,35.51013315030001,51.9549642228,37413912227.1865,EU,0.31652088146917284,16.444831072499994,-0.02849797443481223,0.04382905843551461,-0.6502073156953874,SD,2,0.7187536213941694,0.28124637860583057,0
LTU,Lithuania,2013,38.1131966831,53.152432634499995,38928020774.4147,EU,0.2829453932017851,15.039235951399997,0.02304820010201248,0.0404691318575337,0.5695254393682243,WD,2,0,1,0
LTU,Lithuania,2014,41.2471023221,52.6301900011,40396597406.9714,EU,0.21628437364110015,11.383087679000006,-0.00982537595205044,0.03772543795809702,-0.26044431778270777,SD,2,0.23601510906751916,0.7639848909324808,0
LTU,Lithuania,2015,42.2655640641,53.0012403561,41540954817.2039,EU,0.2025551896497157,10.735676292,0.00705014279812111,0.02832806433432484,0.24887485127526096,WD,2,0,1,0
LTU,Lithuania,2016,38.464630073799995,54.3893500448,42650896790.5078,EU,0.2927911430800875,15.924719971000002,0.02619013591707837,0.02671922150533283,0.9801983157275423,EC,2,0.09993963160967073,0.9000603683903293,0
LTU,Lithuania,2017,44.953494494900006,58.327283959,44618059836.1503,EU,0.22928874030035123,13.373789464099993,0.07240266542910262,0.04612243103128151,1.5697929144280605,END,2,0.2590686107825218,0.7371845337288926,0.0037468554885856263
LTU,Lithuania,2018,44.293753125600006,59.9025036873,46812540124.5928,EU,0.2605692517157546,15.608750561699992,0.02700656744804486,0.04918367801068061,0.5490961339284179,WD,2,0,1,0
LTU,Lithuania,2019,48.0621046653,63.318880819899995,49002127329.2631,EU,0.2409514501368929,15.256776154599995,0.05703229284762446,0.04677351835304514,1.2193286897330748,END,2,0.26004295415255635,0.7399570458474437,1.6477018930074916e-21
LTU,Lithuania,2020,49.0202190605,58.4372848146,49023107998.6089,EU,0.16114824266693564,9.417065754099994,-0.07709542465200678,4.281583369804655e-4,-180.06288326816866,SD,2,0.3084666139446441,0.6915333860553559,0
LTU,Lithuania,2021,49.505043782,62.3006228521,52150790162.9131,EU,0.20538444857086513,12.795579070099995,0.06611084087422868,0.06380016061798757,1.0362174676969331,EC,2,0.16908953980132452,0.8309104601986754,0
LTU,Lithuania,2022,51.3886581916,60.0407694015,53474129886.9706,EU,0.14410393631104673,8.6521112099,-0.0362733685017055,0.0253752574011541,-1.429477854283982,SD,2,0.23601510906751916,0.7639848909324808,0
LTU,Lithuania,2023,53.0948587477,64.0758788805,53657151896.4273,EU,0.1713752557850879,10.981020132799998,0.06720615873552063,0.00342262716277124,19.63583982109957,END,2,0.30547934269574595,0.6848363961432254,0.009684261161028605
LTU,Lithuania,2024,54.8189793495,65.9155626649,55144866855.2473,EU,0.1683454235506196,11.096583315399997,0.02871101913141077,0.02772631245302935,1.0355152413451876,EC,2,0.16908953980132452,0.8309104601986755,0
LUX,Luxembourg,1995,7.3200897208,13.4853662772,30604417413.6204,EU,0.45718272901669466,6.1652765564,0.07093498293903423,0.01432200197761494,4.95286783578891,END,2,0,1,0
LUX,Luxembourg,1996,7.480224019,11.1358000633,31032290274.7242,EU,0.3282724207978193,3.655576044300001,-0.17423080438478436,0.01398075497798491,-12.462188534105666,SD,2,0.23601510906751916,0.7639848909324808,0
LUX,Luxembourg,1997,6.9320591828,11.538273802399999,32714187913.5681,EU,0.3992117623904793,4.606214619600001,0.03614232806014746,0.05419830840567395,0.6668534336832507,WD,2,0,1,0
LUX,Luxembourg,1998,7.0795156386,12.8067757792,34897700608.2885,EU,0.4472054668046796,5.7272601406,0.10993862674121573,0.06674512907027698,1.6471408216989083,END,1,0.26004295415255635,0.7399570458474437,1.6477018930074916e-21
LUX,Luxembourg,1999,5.202443188799999,16.0615369029,37750651094.139,EU,0.6760930650502898,10.859093714099998,0.25414367986251357,0.08175181849009565,3.1087220389269192,END,1,0.33306620895343686,0.656374975111728,0.01055881593483514
LUX,Luxembourg,2000,6.470076133,14.491150879,40369840252.809,EU,0.5535153703784716,8.021074746,-0.09777308568873366,0.06938129761360969,-1.409213852315652,SD,1,0.3917544466649588,0.6082455533350412,0
LUX,Luxembourg,2001,8.0839680888,13.4772037516,41610952660.8086,EU,0.4001746773443059,5.393235662799999,-0.0699700897372735,0.030743555095273,-2.2759270852196205,SD,1,0.44979576039757424,0.5502042396024257,0
LUX,Luxembourg,2002,8.0539837639,15.2783511671,42953079744.2546,EU,0.4728499380716397,7.224367403199999,0.13364399980123254,0.03225417823010059,4.1434631770128885,END,1,0.5322353649817658,0.45089178781313705,0.016872847205097043
LUX,Luxembourg,2003,10.2643960745,18.1674816357,44078183528.9345,EU,0.4350127177599588,7.903085561199999,0.18909962449491127,0.02619378613544922,7.219255113295526,END,1,0.6178870458711948,0.3625247899425516,0.01958816418625364
LUX,Luxembourg,2004,10.8250603613,23.5800633235,45943523456.1968,EU,0.5409231852862882,12.7550029622,0.29792691118861564,0.04231889288354686,7.040045022171327,END,1,0.6953904757272241,0.2825643577603493,0.022045166512426644
LUX,Luxembourg,2005,10.0128534407,16.9142982183,47084243707.173,EU,0.40802430514871463,6.9014447776,-0.2826864802588069,0.02482874984683695,-11.385449609933527,SD,1,0.7574986876301296,0.24250131236987038,0
LUX,Luxembourg,2006,9.3706101222,16.425707324999998,49917168649.961,EU,0.4295155796464308,7.055097202799999,-0.02888626456706223,0.06016715401454825,-0.48010023143321046,SD,1,0.7985831062278445,0.2014168937721557,0
LUX,Luxembourg,2007,12.5423218147,20.9531052585,53959794029.7992,EU,0.4014098788716778,8.4107834438,0.2756287960037667,0.08098667230480754,3.40338463304665,END,1,0.8289269770177763,0.14479450196007584,0.026278521022147967
LUX,Luxembourg,2008,10.6146622266,19.4058604866,53797819880.8557,EU,0.4530176987549941,8.791198260000002,-0.07384322050653232,-0.00300175624936697,24.600005587430637,RND,3,0.2913769597870546,0.02270686339058201,0.6859161768223633
LUX,Luxembourg,2009,12.0527475858,28.0805147771,52055333192.7004,EU,0.5707789660740422,16.0277671913,0.4470120918621443,-0.03238954091474944,-13.80112466054082,SND,3,0,0.21063435599775118,0.7893656440022488
LUX,Luxembourg,2010,11.4278395171,24.5341497327,54012829512.59,EU,0.5342068242997408,13.1063102156,-0.12629273617491166,0.03760414543200139,-3.358479091175827,SD,1,0.6367631714289467,0.3632368285710533,0
LUX,Luxembourg,2011,12.6673198707,18.9795011529,54576884709.7504,EU,0.33257888241364664,6.312181282199999,-0.22640477213671545,0.010442985532334,-21.680080991753904,SD,1,0.6899296131160926,0.3100703868839073,0
LUX,Luxembourg,2012,12.4382432184,18.2045941291,55477349891.7792,EU,0.31675251147085454,5.766350910699998,-0.04082862966509517,0.01649902127645495,-2.4746091892953648,SD,1,0.7385098366818522,0.26149016331814784,0
LUX,Luxembourg,2013,11.6667150279,24.136508641600003,57236974872.2606,EU,0.5166361796091725,12.469793613700004,0.32584711696581325,0.03171789899686874,10.27328818336869,END,1,0.7831321706083567,0.19204108858210794,0.02482674080953544
LUX,Luxembourg,2014,12.0281226848,23.8784001604,58738350400.0169,EU,0.49627602335153626,11.850277475599995,-0.01069369580466772,0.02623086791548675,-0.4076760189225058,SD,1,0.8380838611788137,0.16191613882118627,0
LUX,Luxembourg,2015,13.6781913964,26.3441516545,60071584216.1375,EU,0.4807883140141449,12.665960258099998,0.10326284330343076,0.02269784233028468,4.549456366857034,END,1,0.8579980039429738,0.11480186961803247,0.027200126438993815
LUX,Luxembourg,2016,14.205287354,24.213086449,63062061883.63,EU,0.4133219082201444,10.007799095,-0.08089329402019217,0.04978190115201166,-1.6249538918407362,SD,1,0.8686485545099334,0.1313514454900666,0
LUX,Luxembourg,2017,16.8808913474,22.6993497131,63892707251.4305,EU,0.25632709479523624,5.818458365700003,-0.06251729778805286,0.01317187137542869,-4.746273024247335,SD,1,0.8686485545099334,0.13135144549006664,0
LUX,Luxembourg,2018,23.0121176147,26.2760616213,64922207640.6436,EU,0.12421739808808228,3.2639440066000027,0.15756891511900217,0.01611295613381689,9.779019678971636,END,1,0.8586439985355383,0.11413539579997334,0.027220605664488407
LUX,Luxembourg,2019,23.2933370172,31.2192091755,66707126419.2733,EU,0.2538780567356592,7.925872158300003,0.18812360944506884,0.02749319290726456,6.842552266650728,END,1,0.8586439985355382,0.11413539579997331,0.0272206056644884
LUX,Luxembourg,2020,22.2306600354,27.7402885678,66366885630.9508,EU,0.19861467983413095,5.509628532400001,-0.11143525731683698,-0.00510051634039805,21.84783850886367,RND,1,0.2913769597870546,0.02270686339058201,0.6859161768223634
LUX,Luxembourg,2021,23.6782143211,49.0990631006,70965934440.7674,EU,0.5177461070370069,25.420848779500002,0.7699550233804182,0.06929734258423284,11.11088816204628,END,1,0.5875674664302982,0.28506468894493486,0.1273678446247669
LUX,Luxembourg,2022,24.574150236,46.916130547399995,70187142285.2316,EU,0.47621106111527234,22.341980311399993,-0.0444597598273383,-0.01097416896815225,4.0513099403119615,RND,1,0.28160770984463684,0.055473424362061444,0.6629188657933016
LUX,Luxembourg,2023,25.3890659425,48.564786231700005,70256936375.5582,EU,0.4772124431605624,23.175720289200004,0.03514048718562481,9.943999435532628e-4,35.338384131497676,END,1,0.5875674664302983,0.28506468894493486,0.1273678446247669
LUX,Luxembourg,2024,26.204383804499997,49.7992042315,70508886559.2138,EU,0.47379914581195914,23.594820427,0.02541796424081127,0.00358612539420748,7.087862650276477,END,1,0.7311508437322045,0.2456703198321635,0.023178836435632046
LVA,Latvia,1995,13.770240133,16.2556599618,11584507029.7279,EU,0.1528956581671008,2.4854198287999996,-0.03095299775223458,-0.00944760634359258,3.276279369242249,RND,2,0,1,0
LVA,Latvia,1996,16.408407639,18.6871925614,11850946177.8588,EU,0.121943674252441,2.2787849224,0.14958067561169355,0.02299961038024071,6.5036178065086006,END,2,0.26004295415255635,0.7399570458474437,1.6477018930074916e-21
LVA,Latvia,1997,15.737397458,19.7875315716,12937852902.7127,EU,0.20468111946883488,4.050134113600002,0.0588819859689809,0.09171476340720996,0.6420120794244127,WD,2,0,1,0
LVA,Latvia,1998,16.3298448774,20.5374515697,13785282610.3782,EU,0.2048748199366521,4.207606692300001,0.03789861284043745,0.06550002647563095,0.5786045423132384,WD,2,0,1,0
LVA,Latvia,1999,18.116567533100003,22.4992685299,14173807644.0021,EU,0.19479304364831615,4.382700996799997,0.09552387517711174,0.02818404559449508,3.389288981130852,END,1,0.26004295415255635,0.7399570458474437,1.6477018930074916e-21
LVA,Latvia,2000,17.738350052999998,21.807696087,15001703493.7099,EU,0.18660137310083935,4.069346034000002,-0.03073755228890874,0.05841026423539329,-0.5262354603471137,SD,1,0.3084666139446441,0.6915333860553559,0
LVA,Latvia,2001,16.2440536411,20.7496594139,15970900289.3453,EU,0.2171411917142957,4.505605772799999,-0.04851666443254934,0.06460578267273298,-0.7509647345086017,SD,1,0.36150215104527067,0.6384978489547293,0
LVA,Latvia,2002,19.036442314,24.4071511078,17195147700.3185,EU,0.2200465253023176,5.370708793800002,0.17626755316522832,0.07665487785869746,2.299495584483911,END,1,0.44347213206256697,0.5424689796779754,0.01405888825945766
LVA,Latvia,2003,18.6771253194,29.8905661529,18644549495.6873,EU,0.3751498307572894,11.213440833499998,0.2246642805987962,0.08429132570591145,2.665330966351621,END,1,0.5322353649817658,0.4508917878131371,0.016872847205097043
LVA,Latvia,2004,21.9242706749,28.4916221655,20271313178.6916,EU,0.2305011435450063,6.5673514906,-0.0468021910406094,0.08725143417279073,-0.5364059798481183,SD,1,0.5997217658808897,0.40027823411911034,0
LVA,Latvia,2005,23.5380960883,39.8014603547,22625890637.9303,EU,0.408612249939204,16.263364266399996,0.39695311567394287,0.1161531785574572,3.4174967969351187,END,1,0.6693678718858479,0.3094119263586416,0.021220201755510586
LVA,Latvia,2006,25.2215549072,39.1576382117,25527665150.2661,EU,0.3558969320150673,13.936083304499997,-0.01617584222444177,0.1282501784690514,-0.12612724923689078,SD,1,0.7330412467396319,0.2669587532603681,0
LVA,Latvia,2007,37.0615324455,50.8040552816,28186253353.8682,EU,0.2705005094559294,13.7425228361,0.29742388973858347,0.10414537279271636,2.8558531383871957,END,1,0.7788649224950284,0.1964436163670621,0.02469146113790953
LVA,Latvia,2008,28.673835257399997,43.159190121499996,27231101091.0587,EU,0.33562619741754707,14.485354864100008,-0.1504774592840188,-0.03388716658499827,4.440544148374879,RND,3,0.2893135071120676,0.029627788567565396,0.681058704320367
LVA,Latvia,2009,21.2346647182,29.8838647447,22863227157.4637,EU,0.2894270905182692,8.6492000265,-0.30758977032302603,-0.1604001953130418,1.9176396245822809,RND,3,0.05753408929470733,0.01636460984969504,0.9261013008555976
LVA,Latvia,2010,19.6028367215,30.3511397482,22026145287.9415,EU,0.35413177613329777,10.748303026699997,0.01563636455632384,-0.03661258595547533,-0.4270762129541812,SND,3,0,0.21063435599775115,0.7893656440022487
LVA,Latvia,2011,24.0320229951,36.0909816453,22694935010.9107,EU,0.33412664606118836,12.058958650199996,0.1891145421463259,0.03036344826688026,6.228361827816758,END,2,0.5795418989996128,0.2906117922818938,0.12984630871849334
LVA,Latvia,2012,23.7740889661,36.8888254853,24352854611.1188,EU,0.35552057694073647,13.114736519199996,0.02210645994174298,0.07305240572008892,0.3026109780209998,WD,2,0,1,0
LVA,Latvia,2013,24.8127522559,36.085940538900005,24863312429.9055,EU,0.3123983500124573,11.273188283000009,-0.02176499077532149,0.02096090281562463,-1.0383613228289708,SD,2,0.23601510906751916,0.7639848909324808,0
LVA,Latvia,2014,27.3977137726,36.6167645604,25384188823.064,EU,0.2517713101765999,9.2190507878,0.01470999546008165,0.02094959771056058,0.7021612378106155,WD,2,0,1,0
LVA,Latvia,2015,27.0042736266,34.8103380854,26344565876.8902,EU,0.2242455801391364,7.806064458799998,-0.04933331758518068,0.03783367120849679,-1.3039526963511083,SD,1,0.23601510906751916,0.7639848909324808,0
LVA,Latvia,2016,25.7017599612,33.4919092787,27016796481.3321,EU,0.23259794634802547,7.790149317499999,-0.03787463377877873,0.02551686019740366,-1.4842983613882268,SD,1,0.28166761477982616,0.7183323852201738,0
LVA,Latvia,2017,26.3950806466,37.3352396291,27935083541.205,EU,0.29302501045079604,10.940158982500002,0.11475399382036014,0.03398948726239301,3.3761613682042033,END,1,0.35740617337055325,0.6312633887250688,0.011330437904377832
LVA,Latvia,2018,28.1382420285,39.1532508397,29139005429.8548,EU,0.2813306321944326,11.0150088112,0.04869424245460033,0.04309712862945199,1.129872082042221,EC,1,0.2052749110310336,0.7947250889689663,0
LVA,Latvia,2019,29.4435448972,41.9614692516,29335802338.5259,EU,0.2983194959009375,12.517924354400002,0.07172376116091406,0.00675372771884209,10.619877517539438,END,1,0.26932580366629666,0.7221360693458301,0.008538126987873259
LVA,Latvia,2020,30.2798349057,40.6762909828,28318076614.1623,EU,0.2555900704293847,10.396456077099998,-0.03062758029501073,-0.0346922750780554,0.8828357386795945,RC,3,0.32792760542471017,0,0.6720723945752899
LVA,Latvia,2021,30.212742388099997,42.4398207517,30284070900.4111,EU,0.2881039115394997,12.2270783636,0.04335522552057929,0.06942541730625783,0.6244863510049274,WD,2,0,1,0
LVA,Latvia,2022,31.3567617853,41.472412229099994,30862052747.7596,EU,0.243912757905655,10.115650443799993,-0.02279483054982629,0.01908534190298231,-1.1943632273239146,SD,2,0.23601510906751916,0.7639848909324808,0
LVA,Latvia,2023,32.3615716315,44.2498856628,30571453786.1231,EU,0.2686631581806384,11.888314031299998,0.06697159109908561,-0.00941606068823782,-7.112485073799907,SND,2,0,0.8939685858594858,0.10603141414051422
LVA,Latvia,2024,33.3776244928,45.635899359,30557357896.8573,EU,0.2686103492728144,12.258274866199995,0.03132242435069605,-4.610801097132921e-4,-67.93271644307733,SND,2,0,0.8831792506912041,0.11682074930879595
MLT,Malta,1995,5.0599336608,6.5071490480000005,4656139454.16571,EU,0.22240390938099203,1.4472153872000009,0.04342536679505881,0.063424925876946,0.6846735127339467,WD,2,0,1,0
MLT,Malta,1996,5.6150385732000005,6.5190111002,4832017470.45867,EU,0.13866712498346048,0.9039725269999996,0.00182292615590932,0.03777335666688555,0.04825957544587025,WD,2,0,1,0
MLT,Malta,1997,5.5786333957,6.2344353931,5086035706.66143,EU,0.10519027883837134,0.6558019974000002,-0.04365320180100161,0.05256980914405686,-0.8303853963285065,SD,2,0.23601510906751916,0.7639848909324808,0
MLT,Malta,1998,6.2516021969999995,7.4827879582,5346725602.26102,EU,0.1645357008748067,1.2311857612000008,0.20023506322346724,0.05125600971659538,3.906567528970876,END,2,0.30547934269574595,0.6848363961432254,0.009684261161028605
MLT,Malta,1999,6.333650726599999,7.5003632297,5599089764.8863,EU,0.15555413349583436,1.1667125031000012,0.0023487597935659,0.04719975951609725,0.04976211357104204,WD,2,0,1,0
MLT,Malta,2000,7.2563101714,8.0785230078,6701061697.46334,EU,0.10177761895412492,0.8222128363999994,0.07708423717542079,0.19681269257154288,0.3916629368169438,WD,2,0,1,0
MLT,Malta,2001,8.0844432047,8.150503711199999,6650321051.9369,EU,0.008105082684549,0.0660605064999995,0.00891013163303496,-0.00757203079411242,-1.1767162436744143,SND,2,0,1,1.86768988559133e-20
MLT,Malta,2002,7.8261823587,7.8292876223,6832615339.53483,EU,3.9662147436703263e-4,0.00310526360000018,-0.03941058126979326,0.02741135144818864,-1.4377467431434336,SD,2,0.23601510906751916,0.7639848909324808,0
MLT,Malta,2003,8.1470433716,8.850046221200001,7084965036.70896,EU,0.07943493536971366,0.7030028496000007,0.1303769446395858,0.03693310462159131,3.5300835382077973,END,2,0.30547934269574595,0.6848363961432254,0.009684261161028605
MLT,Malta,2004,8.564920779,8.9416932264,7113825958.52369,EU,0.04213658843580034,0.3767724474000005,0.01035553972367525,0.00407354470561182,2.5421446116472453,END,2,0.38694879728888393,0.6007842088914267,0.012266993819689315
MLT,Malta,2005,9.4632431309,9.4346400909,7318792018.88191,EU,-0.0030317044131431,-0.02860303999999836,0.05512902892313438,0.0288123523900149,1.913381739084924,END,2,0.47461060490359513,0.5103433595539689,0.015046035542435993
MLT,Malta,2006,9.053356917,9.3648260661,7489772865.91576,EU,0.03325946973297204,0.31146914910000056,-0.00739975495910426,0.02336189450290874,-0.3167446440691245,SD,2,0.5413698151543163,0.45863018484568374,0
MLT,Malta,2007,9.1949704082,9.6742500966,7866987912.46552,EU,0.04954179224376701,0.4792796884000001,0.03304108675548108,0.05036401681369792,0.6560455032350521,WD,2,0,1,0
MLT,Malta,2008,9.4010267969,9.3166259309,8213969014.31483,EU,-0.00905916655085088,-0.0844008659999993,-0.03696660331591856,0.04410596605843338,-0.8381315867096912,SD,2,0.23601510906751916,0.7639848909324808,0
MLT,Malta,2009,7.6040331061,7.512843453,8099363633.43337,EU,-0.01213783485180796,-0.09118965310000073,-0.1936089836898445,-0.01395249734710863,13.876296040290304,RND,2,0.21420768466123058,0.28153653541649754,0.5042557799222719
MLT,Malta,2010,7.7207824848,10.2216590803,8601309578.86681,EU,0.24466444985627528,2.5008765955000003,0.36055797571801207,0.0619735041110461,5.817937534594668,END,2,0.4701414469760207,0.42794531549586223,0.101913237528117
MLT,Malta,2011,9.2581670831,8.9310458181,8686651936.95873,EU,-0.03662743106043013,-0.3271212650000006,-0.12626260101820205,0.00992201911922863,-12.725494629768267,SD,2,0.5823640577760628,0.41763594222393724,0
MLT,Malta,2012,9.339418139,8.500015677999999,9042950074.18784,EU,-0.09875304855878908,-0.8394024610000024,-0.04826200076439632,0.04101673922414022,-1.176641577982677,SD,2,0.6389784733500373,0.3610215266499627,0
MLT,Malta,2013,8.8424874005,8.934303641100001,9611962674.48564,EU,0.0102768211478312,0.09181624060000182,0.05109260730236535,0.06292333758670053,0.8119818379304197,EC,2,0.446737190374249,0.5532628096257509,0
MLT,Malta,2014,8.6523555575,7.6046578649,10345486496.085,EU,-0.1377705231731391,-1.0476976926,-0.14882478026416102,0.07631363608459,-1.9501728380390089,SD,2,0.5061459023636368,0.4938540976363632,0
MLT,Malta,2015,8.7174320109,8.3241923652,11340795042.0881,EU,-0.04724057643645666,-0.3932396456999996,0.09461760319567798,0.09620703157649976,0.983479083027752,EC,2,0.3186004614194866,0.6813995385805134,0
MLT,Malta,2016,7.991811008,7.069633743700001,11803273067.5598,EU,-0.13044201407488526,-0.9221772642999992,-0.1507123533983656,0.0407800355932141,-3.695738642843277,SD,2,0.37243996486132774,0.6275600351386722,0
MLT,Malta,2017,11.4422756164,8.198259792,13334316042.9201,EU,-0.3956956606285599,-3.2440158244,0.15964420353540346,0.12971342496245636,1.230745418846277,END,2,0.4548204019943281,0.5307609485631006,0.01441864944257138
MLT,Malta,2018,11.5112317517,9.2759784552,14292948664.8282,EU,-0.24097223891749625,-2.2352532965000016,0.13145700313762398,0.07189214796038147,1.828530748727492,END,2,0.5435071420796312,0.4392626744967199,0.017230183423648984
MLT,Malta,2019,12.6900739446,9.4142586604,14876823596.3021,EU,-0.34796316973734126,-3.2758152842,0.01490734436996034,0.04085055821341383,0.3649238840771903,WD,2,0,1,0
MLT,Malta,2020,12.3143827947,9.6086887176,14362489738.4331,EU,-0.2815882745940189,-2.7056940771000004,0.02065272096440771,-0.03457282762947101,-0.5973685804861,SND,2,0,1,1.86768988559133e-20
MLT,Malta,2021,12.9571953673,10.3719342987,16288744391.3981,EU,-0.2492554420561682,-2.5852610686000013,0.07943285535954364,0.13411704293932175,0.5922651858308661,WD,2,0,1,0
MLT,Malta,2022,13.4229764006,10.5172137775,16693210193.3434,EU,-0.276286351554101,-2.9057626230999993,0.01400698024265444,0.0248309993837765,0.5640924888349844,WD,2,0,1,0
MLT,Malta,2023,13.8480489529,10.9489859714,18466282602.6508,EU,-0.26477913014709137,-2.8990629814999984,0.04105385732709098,0.10621518502261668,0.3865158952399252,WD,2,0,1,0
MLT,Malta,2024,14.2768858998,11.2892703266,19721971907.7513,EU,-0.26464204388484885,-2.9876155731999994,0.03107907491057721,0.0679990300224394,0.4570517388309987,WD,2,0,1,0
NLD,Netherlands,1995,220.3817617173,405.7075587774,524315389158.098,EU,0.4567965103203387,185.32579706010003,0.04435485669124399,0.03116035889828436,1.4234385693704603,END,2,0,1,0
NLD,Netherlands,1996,212.8788658502,396.8058584635,542250002539.882,EU,0.4635188435107706,183.9269926133001,-0.02194117442801725,0.03420577338113593,-0.6414465237648316,SD,2,0.23601510906751916,0.7639848909324808,0
NLD,Netherlands,1997,220.4424716907,397.8317098446,565287382969.544,EU,0.44589014340559063,177.38923815390004,0.00258527277059948,0.04248479542970135,0.06085171752509151,WD,2,0,1,0
NLD,Netherlands,1998,209.4314094765,399.3107381387,591560723040.107,EU,0.4755177122140043,189.8793286622,0.00371772349337791,0.04647784624617854,0.079989151685005,WD,2,0,1,0
NLD,Netherlands,1999,285.7041967559,475.5528237826,621395031368.011,EU,0.3992166958795932,189.8486270267,0.19093422330510285,0.05043321364302478,3.785882546699663,END,2,0.26004295415255635,0.7399570458474437,1.6477018930074916e-21
NLD,Netherlands,2000,282.1442928866,457.739031411,647616371669.345,EU,0.38361320856366954,175.59473852440004,-0.03745912437215099,0.04219753776210165,-0.8877087706712993,SD,2,0.3084666139446441,0.6915333860553559,0
NLD,Netherlands,2001,241.1976290607,456.8339485276,662664228363.74,EU,0.4720234128000059,215.6363194669,-0.00197729016162337,0.02323575708193807,-0.08509686835899964,SD,2,0.36150215104527067,0.6384978489547293,0
NLD,Netherlands,2002,227.6224722526,451.8822438476,664292962005.237,EU,0.4962792290432039,224.25977159499996,-0.01083917842787206,0.00245785659129173,-4.410012555767337,SD,2,0.4181426151424708,0.5818573848575291,0
NLD,Netherlands,2003,216.5205460735,476.5105396461,664942855515.362,EU,0.5456122623556073,259.98999357259993,0.0545015789706622,9.783236422725738e-4,55.709150444385706,END,2,0.5011464550110668,0.4829662738319941,0.015887271156939112
NLD,Netherlands,2004,207.009222908,478.3575945288,678350164553.838,EU,0.5672500546125712,271.3483716208,0.00387620992406961,0.02016309962167298,0.19224276013114253,WD,2,0,1,0
NLD,Netherlands,2005,177.67343963119998,472.5988121938,692147558366.871,EU,0.6240501773450482,294.9253725626,-0.01203865560172123,0.02033963361991329,-0.5918816349737452,SD,1,0.23601510906751916,0.7639848909324808,0
NLD,Netherlands,2006,240.8440395639,496.5945981968,716631413729.704,EU,0.5150087406539736,255.7505586329,0.05077411407703668,0.03537375096807812,1.435361325488386,END,1,0.30547934269574595,0.6848363961432254,0.009684261161028605
NLD,Netherlands,2007,233.0476882128,534.0301216763,744474740255.869,EU,0.5636057241841111,300.98243346350006,0.07538447581877314,0.0388530644801832,1.9402453018145476,END,1,0.38694879728888393,0.6007842088914267,0.012266993819689315
NLD,Netherlands,2008,257.2760451392,526.4209991457,760233900200.237,EU,0.5112732099275688,269.1449540065,-0.01424848940489598,0.02116815936421397,-0.6731095113061129,SD,1,0.4497957603975743,0.5502042396024257,0
NLD,Netherlands,2009,212.5020753033,463.0215632982,732369119343.411,EU,0.541053609275553,250.51948799490003,-0.12043485337854576,-0.03665290491450957,3.285820146028042,RND,1,0.25969199234230167,0.1289798550508707,0.6113281526068277
NLD,Netherlands,2010,229.1194436715,459.4554802233,742031413974.447,EU,0.5013239507772426,230.33603655179996,-0.00770176457765389,0.01319320323022156,-0.583767599365977,SD,1,0.6443667542879371,0.3556332457120629,0
NLD,Netherlands,2011,229.8319626869,488.8593073239,755190192159.834,EU,0.5298607201629448,259.027344637,0.0639971191252511,0.01773345162694163,3.608836027613662,END,1,0.7072456917613161,0.2703333094124208,0.02242099882626303
NLD,Netherlands,2012,208.5038062976,452.6704109316,747805361887.684,EU,0.5393915721849432,244.166604634,-0.07402722184099199,-0.00977876877747777,7.570198613499249,RND,3,0.2849613297439771,0.04422521272303128,0.6708134575329916
NLD,Netherlands,2013,193.3301384979,464.9785092351,747579281182.565,EU,0.5842170451792871,271.64837073719997,0.02718997753391882,-3.0232560053905386e-4,-89.93607384038411,SND,3,0,0.21063435599775115,0.7893656440022487
NLD,Netherlands,2014,208.7814800511,453.6496509876,759634819525.581,EU,0.5397737447905437,244.86817093650004,-0.02436426205188749,0.01612610012940159,-1.510858909245257,SD,2,0.6367631714289467,0.3632368285710533,0
NLD,Netherlands,2015,215.7667207956,459.8891737687,775743675302.734,EU,0.5308288755148663,244.1224529731,0.01375405616981405,0.02120605238608402,0.6485910682197426,WD,2,0,1,0
NLD,Netherlands,2016,188.3531858616,448.6702085854,794549918521.022,EU,0.5801968076831897,260.31702272379994,-0.02439493213411136,0.02424285729554782,-1.0062729750338246,SD,2,0.23601510906751916,0.7639848909324808,0
NLD,Netherlands,2017,179.7893388255,463.5547286562,816650691531.918,EU,0.6121507823969528,283.7653898307,0.0331747456951264,0.02781546193099415,1.192672829860881,EC,2,0.12352679706873655,0.8764732029312634,0
NLD,Netherlands,2018,187.773176319,516.2737841095,835096710412.613,EU,0.6362914753789358,328.50060779049994,0.11372779133572292,0.02258740373573065,5.035009453336097,END,2,0.25880748897157363,0.7364415067760369,0.004751004252389503
NLD,Netherlands,2019,200.1200837825,525.4773852924,854304699526.719,EU,0.6191651831578938,325.35730150989997,0.0178269775963444,0.02300091579167576,0.7750551220571896,WD,2,0,1,0
NLD,Netherlands,2020,197.401817937,537.6012531217001,821260592382.701,EU,0.6328099743243847,340.19943518470006,0.02307210199455844,-0.03867953338232159,-0.5964938037516117,SND,2,0,1,1.86768988559133e-20
NLD,Netherlands,2021,197.5256310957,556.8210388283,872809729132.839,EU,0.6452619112392977,359.2954077326,0.03575100614999673,0.06276830670832485,0.569570982950463,WD,2,0,1,0
NLD,Netherlands,2022,205.73590418830003,557.6003275918999,916513359459.671,EU,0.6310333871631523,351.8644234035999,0.00139953182307878,0.05007234551596121,0.02795019503595383,WD,2,0,1,0
NLD,Netherlands,2023,212.7189654726,575.2820058412,911031728184.777,EU,0.630235322306746,362.5630403686,0.03171030821603285,-0.00598096167209797,-5.301874506898432,SND,2,0,1,1.86768988559133e-20
NLD,Netherlands,2024,219.7428438795,588.1700713738,920880034447.75,EU,0.6263957406635083,368.4272274943,0.02240303955579949,0.01081005848456638,2.072425379361686,END,2,0.26004295415255635,0.7399570458474437,1.8375428499334412e-21
POL,Poland,1995,534.5056410599,470.6902772864,218906804615.997,EU,-0.13557824933500873,-63.81536377349994,0.03141042277912166,0.07929659563139263,0.3961131310747801,WD,2,0,1,0
POL,Poland,1996,563.5895698617,511.5871763946,232246717071.23,EU,-0.10164913404121244,-52.00239346710009,0.08688707007923938,0.06093877473856363,1.42580927253621,END,2,0.26004295415255635,0.7399570458474437,1.6477018930074916e-21
POL,Poland,1997,571.5942854689,511.8470289869,247015068311.447,EU,-0.11672873553697848,-59.74725648200001,5.079341396539375e-4,0.06358906350304848,0.00798775939874609,WD,2,0,1,0
POL,Poland,1998,566.3520089527,510.7140185072,258431144714.153,EU,-0.10894157675195196,-55.63799044549995,-0.00221357244554598,0.04621611337617733,-0.04789611855779705,SD,2,0.23601510906751916,0.7639848909324808,0
POL,Poland,1999,551.3182381923,519.6006580486,270575301764.16,EU,-0.06104222474008737,-31.717580143699937,0.01740042219200361,0.04699184791925705,0.3702859743226442,WD,2,0,1,0
POL,Poland,2000,556.452899416,516.1893570507,283174187558.032,EU,-0.07800149657356337,-40.263542365300054,-0.00656523610018407,0.04656332529882374,-0.1409958601120338,SD,2,0.23601510906751916,0.7639848909324808,0
POL,Poland,2001,522.5093521328,483.1685234803,286667833930.23,EU,-0.08142258185430833,-39.34082865250002,-0.06397038822936578,0.01233744644003624,-5.18505904283203,SD,2,0.28166761477982616,0.7183323852201738,0
POL,Poland,2002,527.6967692873,478.8959090679,292117946677.278,EU,-0.1019028546608043,-48.800860219399965,-0.00884290719441745,0.01901194379685618,-0.46512378160300033,SD,2,0.33230967507362946,0.6676903249263706,0
POL,Poland,2003,535.3892688378,474.3713421545,302410346199.761,EU,-0.12862903228126896,-61.01792668330006,-0.00944791305945045,0.03523371172348293,-0.2681498087285964,SD,2,0.38714959707531255,0.6128504029246875,0
POL,Poland,2004,564.7631656512001,496.5117873201,317805438387.054,EU,-0.13746174828896582,-68.25137833110011,0.04667323507580056,0.05090795464095533,0.9168161519153248,EC,2,0.22372216892021382,0.7762778310797861,0
POL,Poland,2005,566.7540858665,510.2186491138,328168510412.522,EU,-0.11080629226488783,-56.53543675269998,0.02760631699739128,0.03260822746792272,0.8466058765245089,EC,2,0.1162017044979655,0.8837982955020345,0
POL,Poland,2006,594.3055872282999,530.065693304,348521872927.444,EU,-0.12119232528308052,-64.23989392429996,0.03889909595557193,0.06202107109343594,0.6271916184254493,WD,2,0,1,0
POL,Poland,2007,660.4059330887001,593.8314346128,372083512402.176,EU,-0.11211009487786568,-66.5744984759001,0.1202978085816798,0.06760447852762792,1.7794354930571308,END,2,0.26004295415255635,0.7399570458474437,1.6477018930074916e-21
POL,Poland,2008,673.0594425289,629.4626373273,388394800371.402,EU,-0.06926035417560643,-43.59680520160009,0.06000221719103307,0.04383770692745847,1.368735305665582,END,2,0.33306620895343686,0.656374975111728,0.01055881593483514
POL,Poland,2009,647.06456168,576.6567285435,398551823849.317,EU,-0.12209661251041629,-70.40783313650002,-0.08389045775300341,0.02615128592916897,-3.20789034926319,SD,2,0.3917544466649588,0.6082455533350412,0
POL,Poland,2010,676.5794682119,601.4662542288,411181642127.603,EU,-0.12488350502624644,-75.11321398309997,0.04302304032411643,0.03168927482580294,1.3576530406775034,END,2,0.4746106049035951,0.5103433595539689,0.015046035542435993
POL,Poland,2011,779.6876008713,656.2369626917,432791139408.41,EU,-0.18811899542086152,-123.4506381796,0.09106198074757652,0.0525546256612809,1.7327110525813438,END,2,0.562933678692417,0.4192202806794753,0.017846040628107743
POL,Poland,2012,690.6047930197999,611.8595076443,439333996551.267,EU,-0.12869831128174256,-78.74528537549986,-0.06762413208999396,0.01511781676445734,-4.473141402863229,SD,2,0.6302321364351398,0.36976786356486024,0
POL,Poland,2013,619.4957655326999,572.8271672278,442340098156.254,EU,-0.08147064415738661,-46.66859830489989,-0.06379297850053377,0.00684240607051726,-9.323179279786771,SD,2,0.6838799422366567,0.3161200577633433,0
POL,Poland,2014,630.6708285575,581.1936215544999,459682079851.439,EU,-0.08513033379593019,-49.4772070030001,0.0146055473716259,0.03920508623900301,0.37254215645865973,WD,2,0,1,0
POL,Poland,2015,676.5104561488,586.5267945488,480054118583.367,EU,-0.15341781899192197,-89.9836616,0.00917624143918786,0.04431767002644927,0.207056044095084,WD,2,0,1,0
POL,Poland,2016,690.4691999197,582.8707624804999,494605411858.337,EU,-0.1846008487049474,-107.5984374392001,-0.00623335899106292,0.03031177675948419,-0.20564149177143104,SD,2,0.23601510906751916,0.7639848909324808,0
POL,Poland,2017,695.3006472625999,594.4588648596,520089746650.75,EU,-0.16963626646701088,-100.84178240299993,0.01988108363813796,0.05152457733259124,0.3858563168758382,WD,2,0,1,0
POL,Poland,2018,714.47561449,594.7911709525,552573816155.989,EU,-0.2012209484310889,-119.6844435375,5.590060348052789e-4,0.06245858472394126,0.00895002724246814,WD,2,0,1,0
POL,Poland,2019,708.5723422438999,582.8743127831,577884228677.544,EU,-0.2156520311568008,-125.69802946079994,-0.02003536493374026,0.04580458172562038,-0.4374096253898038,SD,2,0.23601510906751916,0.7639848909324808,0
POL,Poland,2020,703.0310594727,587.4043419947,566120997479.772,EU,-0.19684348448184152,-115.62671747800005,0.0077718799958263,-0.0203556882399983,-0.3818038429452265,SND,2,0,0.8939685858594858,0.10603141414051422
POL,Poland,2021,733.8364080813,560.4713429205001,605337233054.782,EU,-0.30932012376838114,-173.36506516079987,-0.04585086821582072,0.06927182660525014,-0.6618977795562513,SD,2,0.23601510906751919,0.7639848909324808,0
POL,Poland,2022,755.8062739181,563.0821333271,637150470884.733,EU,-0.3422664815383952,-192.72414059100004,0.00465820499045609,0.05255456973860388,0.08863558418659108,WD,2,0,1,0
POL,Poland,2023,775.2491634986,593.6487709303,638740867489.057,EU,-0.30590544689196636,-181.6003925683,0.05428450983267749,0.00249610834017839,21.74765772738766,END,2,0.26004295415255635,0.7399570458474437,1.6477018930074916e-21
POL,Poland,2024,794.5223657215,603.5982297444,658084600079.586,EU,-0.31630996674385353,-190.92413597710004,0.01675984066893347,0.03028416307002691,0.5534193112809236,WD,2,0,1,0
PRT,Portugal,1995,162.7926849654,179.7689306865,158531058877.056,EU,0.0944337025106132,16.976245721099986,-0.03397625910140017,0.0428278017236063,-0.7933225086047964,SD,2,0,1,0
PRT,Portugal,1996,182.0813123164,199.1180341957,164086378007.658,EU,0.08556091841764428,17.03672187929999,0.10763319020316704,0.0350424653058695,3.071507362957675,END,2,0.26004295415255635,0.7399570458474437,1.6477018930074916e-21
PRT,Portugal,1997,191.4364472319,207.3924180674,171307602359.378,EU,0.07693613384802953,15.955970835499985,0.04155517055560949,0.04400867664580288,0.9442494917549996,EC,2,0.1381738202996001,0.8618261797004,0
PRT,Portugal,1998,203.74732054229997,225.8567881052,179544008821.687,EU,0.0978915344913248,22.109467562900026,0.08903107553237216,0.0480796318953216,1.8517420375890052,END,2,0.25863842659260594,0.7359604366431716,0.0054011367642224075
PRT,Portugal,1999,227.0325364827,252.403291842,186558035204.778,EU,0.10051673721902832,25.37075535930003,0.11753688680118445,0.03906577796230973,3.008691825223162,END,2,0.33306620895343686,0.6563749751117279,0.01055881593483514
PRT,Portugal,2000,238.6368934466,251.0456461992,193677420299.115,EU,0.04942827306693818,12.408752752600009,-0.00537887454990025,0.03816177141082282,-0.14094928906719423,SD,2,0.39175444666495884,0.6082455533350412,0
PRT,Portugal,2001,254.0307334583,260.9081739184,197441874347.86,EU,0.02635962053933555,6.87744046009999,0.03928579470911939,0.0194367213427935,2.021215101881639,END,2,0.4746106049035951,0.5103433595539689,0.015046035542435996
PRT,Portugal,2002,256.4053720729,263.1492803596,198964002685.767,EU,0.02562769040251347,6.743908286700048,0.00858963675818353,0.00770924781247403,1.1141990719619854,EC,2,0.297886005545046,0.702113994454954,0
PRT,Portugal,2003,234.07494783,249.90904209240003,197112600768.677,EU,0.0633594292140322,15.834094262400017,-0.05031455244379496,-0.00930521045062609,5.407137507611083,RND,2,0.2319619652671242,0.22198777564407707,0.5460502590887988
PRT,Portugal,2004,249.8772409924,251.2063563148,200638423891.103,EU,0.0052909303008814,1.3291153223999856,0.00519114559256443,0.01788735529172867,0.29021314263069853,WD,2,0,1,0
PRT,Portugal,2005,236.9747290883,246.2990246459,202207110531.023,EU,0.03785762274538194,9.32429555760001,-0.01953506169545466,0.0078184756912336,-2.4985767644399237,SD,2,0.23601510906751916,0.7639848909324808,0
PRT,Portugal,2006,224.5896429345,234.6573069139,205493047516.038,EU,0.04290368841185921,10.06766397939998,-0.04726660102993554,0.01625035329561692,-2.908650671778588,SD,2,0.28166761477982616,0.7183323852201738,0
PRT,Portugal,2007,190.9880800169,215.6512028233,210643893867.297,EU,0.11436580220054898,24.663122806399997,-0.08099515135735225,0.02506579377512515,-3.2313020718191012,SD,2,0.33230967507362946,0.6676903249263706,0
PRT,Portugal,2008,144.1159347741,186.2580054932,211316368904.681,EU,0.22625642644196875,42.14207071910002,-0.13629971428531362,0.00319247344434134,-42.69407926537482,SD,2,0.38714959707531255,0.6128504029246875,0
PRT,Portugal,2009,175.19251609580002,199.6792117132,204718906458.637,EU,0.12263016969723578,24.486695617399988,0.07205707043013518,-0.03122078275450559,-2.307984107789109,SND,2,0,0.8048037079663202,0.19519629203367983
PRT,Portugal,2010,197.1366339488,207.2143556324,208276152407.912,EU,0.04863428333835116,10.077721683600004,0.03773624632504428,0.01737624536399977,2.1717146330833073,END,1,0.2539823238113839,0.7227114098799472,0.023306266308668836
PRT,Portugal,2011,189.8586161027,179.8599150821,204707283345.749,EU,-0.05559160314312341,-9.99870102059998,-0.13201035452788315,-0.01713527459050285,7.704011618293486,RND,3,0.2217586107004572,0.25621034559498723,0.5220310437045557
PRT,Portugal,2012,153.6744095881,143.4586825721,196414790526.28,EU,-0.07121023860557014,-10.215727015999988,-0.2023865767610535,-0.04050902676219409,4.996085883503256,RND,3,0.056929217918303854,0.026705833628727072,0.916364948452969
PRT,Portugal,2013,108.4976568932,124.1828780628,194481859660.111,EU,0.12630743798406646,15.685221169599998,-0.1343648510058797,-0.00984106574148438,13.653485764196573,RND,3,0.055769276461622636,0.016395253370211926,0.9278354701681654
PRT,Portugal,2014,103.933833448,123.7241795857,195923731482.461,EU,0.15995536364815274,19.7903461377,-0.00369373366325133,0.00741391420706236,-0.4982164023064566,SD,2,0.6367631714289467,0.3632368285710533,0
PRT,Portugal,2015,107.1575630755,125.3799590252,199038523119.639,EU,0.14533738957465683,18.2223959497,0.01338282819934228,0.01589798037026894,0.8417942334593462,EC,2,0.44436802070759734,0.5556319792924026,0
PRT,Portugal,2016,135.1751337638,138.9973664533,203027536357.754,EU,0.02749859790173925,3.822232689499998,0.10860912329188956,0.02004141296666101,5.419234835016941,END,2,0.526960604358164,0.4563337681216777,0.016705627520158327
PRT,Portugal,2017,101.1759660717,125.1333783092,209757330876.906,EU,0.19145501033546863,23.95741223749999,-0.099742811665126,0.03314720081759483,-3.009087018056186,SD,2,0.5944394799946185,0.40556052000538156,0
PRT,Portugal,2018,116.4694983442,129.5560882262,215937376369.165,EU,0.10101099887448976,13.086589881999984,0.03534396638818171,0.0294628343449207,1.1996118898273918,EC,2,0.4007245570772628,0.5992754429227372,0
PRT,Portugal,2019,117.7919653044,133.2522107887,221866335067.158,EU,0.1160224313937692,15.460245484300016,0.02852913061134366,0.02745684326485877,1.039053555288247,EC,2,0.2337524108329337,0.7662475891670664,0
PRT,Portugal,2020,110.0941452499,139.44305034959999,203663019645.466,EU,0.21047233997046724,29.34890509969999,0.04645956359190827,-0.08204631593243707,-0.5662602039336717,SND,2,0,0.8951561335407884,0.10484386645921166
PRT,Portugal,2021,118.4292909383,143.55848331,214984151437.597,EU,0.1750449837049063,25.129192371700015,0.02951336011427,0.05558756720703967,0.5309345524035166,WD,2,0,1,0
PRT,Portugal,2022,122.581394877,144.2840112536,230002603240.143,EU,0.1504159482955773,21.70261637659999,0.00505388415140386,0.06985841375802716,0.07234467374122337,WD,2,0,1,0
PRT,Portugal,2023,126.3137820763,148.8300306234,237132635847.463,EU,0.15128834182716253,22.516248547100005,0.03150743682756173,0.03099979090182568,1.0163757854800932,EC,2,0.09993963160967073,0.9000603683903293,0
PRT,Portugal,2024,130.0416000325,151.4332343222,242206495918.36,EU,0.141261159648652,21.391634289700026,0.01749111847854924,0.02139671771776181,0.8174673662226957,EC,2,0.09993963160967069,0.9000603683903292,0
PRY,Paraguay,1995,71.83021111480001,56.6871005414,20358106834.2373,MERCOSUR,-0.26713503475699235,-15.143110573400008,0.06051758210665448,0.06822810303585906,0.886989076551753,EC,2,0,1,0
PRY,Paraguay,1996,85.89244649519999,64.8548953237,20678499692.7003,MERCOSUR,-0.32437876996791953,-21.037551171499985,0.14408559803362783,0.01573785131749951,9.155353874350912,END,2,0.26004295415255635,0.7399570458474437,1.6477018930074916e-21
PRY,Paraguay,1997,74.8535575869,67.1825584846,21555788371.9596,MERCOSUR,-0.11418140772442294,-7.6709991023000015,0.0358903233022317,0.04242516102698646,0.845967874568632,EC,2,0.1381738202996001,0.8618261797004,0
PRY,Paraguay,1998,71.5142895819,62.9723072941,21570454446.6146,MERCOSUR,-0.1356466461980871,-8.541982287800003,-0.06266881293997006,6.803775580799752e-4,-92.10887718992583,SD,1,0.23601510906751919,0.7639848909324808,0
PRY,Paraguay,1999,70.4872853282,59.983765499,21275784844.5467,MERCOSUR,-0.1751060431405412,-10.503519829200002,-0.04745803232431346,-0.01366079712401,3.474030972973162,RND,3,0.21420768466123055,0.28153653541649754,0.5042557799222719
PRY,Paraguay,2000,69.10023589309999,56.4907002658,20783433276.2582,MERCOSUR,-0.2232143621511083,-12.60953562729999,-0.05823351041971903,-0.02314140568190108,2.5164206193949368,RND,3,0.0567208086350785,0.03026891682217504,0.9130102745427464
PRY,Paraguay,2001,73.33298310699999,60.1355318876,20610088070.7157,MERCOSUR,-0.2194617858218582,-13.197451219399994,0.06452091414428114,-0.00834054716746549,-7.735813112593144,SND,3,0,0.2106343559977512,0.7893656440022488
PRY,Paraguay,2002,72.2678911248,45.5614607196,20605676606.0555,MERCOSUR,-0.5861627345435659,-26.706430405200003,-0.24235374179845223,-2.140439499851696e-4,1132.2615837319586,RND,3,0.05576927646162264,0.016395253370211926,0.9278354701681654
PRY,Paraguay,2003,79.8476667298,42.8662443742,21495995447.7717,MERCOSUR,-0.8627166409254664,-36.9814223556,-0.05915561755114117,0.04320745485516156,-1.369106737470199,SD,1,0.6367631714289467,0.3632368285710533,0
PRY,Paraguay,2004,79.7008937694,45.3125192775,22368177914.5163,MERCOSUR,-0.7589155279868889,-34.388374491899995,0.05706762836383085,0.04057418363637632,1.406500963155979,END,1,0.7008838392022056,0.276896844485009,0.022219316312785363
PRY,Paraguay,2005,77.3954035256,41.0324731506,22845400902.1627,MERCOSUR,-0.886198846497467,-36.362930375000005,-0.0944561502018553,0.0213349066459587,-4.427305531226562,SD,1,0.7626285065828784,0.23737149341712158,0
PRY,Paraguay,2006,80.13389351279999,46.3127950902,23943606096.6681,MERCOSUR,-0.7302754747738534,-33.82109842259999,0.12868641673680808,0.04807117192683777,2.6769977010891934,END,1,0.8017539084020735,0.1728290071976424,0.025417084400284107
PRY,Paraguay,2007,88.9264771218,54.7709736014,25241738121.2303,MERCOSUR,-0.6236059225269451,-34.1555035204,0.182631570707979,0.05421622872182338,3.368577546126244,END,1,0.8467446958659931,0.1264119284113833,0.026843375722623648
PRY,Paraguay,2008,89.7661240394,59.897208224299995,26881515165.6831,MERCOSUR,-0.49866958244945936,-29.868915815100003,0.09359400218456151,0.06496292119731717,1.4407295801905342,END,1,0.8586439985355382,0.11413539579997334,0.027220605664488407
PRY,Paraguay,2009,87.3348771111,56.9470203861,26811317495.2224,MERCOSUR,-0.5336162720888776,-30.387856725,-0.04925417937931735,-0.00261137328115772,18.861408950880072,RND,1,0.2913769597870546,0.02270686339058201,0.6859161768223634
PRY,Paraguay,2010,111.9111144173,79.9492723737,29786095177.4612,MERCOSUR,-0.3997765219701252,-31.9618420436,0.40392371421094647,0.1109523126854503,3.640516402358099,END,1,0.5875674664302982,0.28506468894493486,0.1273678446247669
PRY,Paraguay,2011,126.698417002,99.2618529993,31062837784.856,MERCOSUR,-0.27640592205037195,-27.436564002699996,0.2415604301603756,0.04286371207062062,5.635546211265834,END,1,0.7311508437322045,0.2456703198321635,0.023178836435632042
PRY,Paraguay,2012,115.7093884791,94.6534433253,30842899501.4341,MERCOSUR,-0.2224530287972308,-21.05594515380001,-0.04642679473284162,-0.00708043112304195,6.557057603703568,RND,1,0.28649372219140207,0.03908549054817214,0.6744207872604258
PRY,Paraguay,2013,132.595921928,102.7033520258,33400724748.6301,MERCOSUR,-0.2910573930896697,-29.892569902199995,0.08504612634993629,0.0829307648937827,1.0255075599370502,EC,1,0.39439494059339403,0.6056050594066059,0
PRY,Paraguay,2014,137.125762663,111.300110582,35171376876.6336,MERCOSUR,-0.23203617629807313,-25.825652080999987,0.08370475146751216,0.0530123864475761,1.5789659186591742,END,1,0.4772917560463866,0.5075772109522663,0.01513103300134713
PRY,Paraguay,2015,141.9834134855,107.564611962,36211447840.1027,MERCOSUR,-0.3199825750838885,-34.418801523499994,-0.03356239810065493,0.02957151683646712,-1.1349569346157558,SD,1,0.5441166309131881,0.45588336908681204,0
PRY,Paraguay,2016,141.29929338730005,100.1619481106,37756961788.4736,MERCOSUR,-0.410708318405266,-41.13734527670003,-0.06882062526302973,0.04268025833143599,-1.6124697448782814,SD,1,0.6023757870183611,0.3976242129816389,0
PRY,Paraguay,2017,147.2581871408,105.2341289472,39573101423.9484,MERCOSUR,-0.399338680464444,-42.0240581936,0.05063979816965271,0.04810078855521762,1.0527851973054545,EC,1,0.40868076196668407,0.591319238033316,0
PRY,Paraguay,2018,147.48585490349998,102.8803572144,40841122661.1912,MERCOSUR,-0.4335667069676216,-44.60549768909999,-0.02236699972098396,0.03204250340802025,-0.6980415804648238,SD,1,0.46730317236970265,0.5326968276302974,0
PRY,Paraguay,2019,146.6437156262,103.4768376107,40677000526.5933,MERCOSUR,-0.41716464295035943,-43.16687801549999,0.00579780642729456,-0.0040185510070186,-1.4427604420519728,SND,3,0,0.7480534098281815,0.25194659017181853
PRY,Paraguay,2020,153.7390601934,100.5155227585,40343536418.8014,MERCOSUR,-0.5295056522043429,-53.22353743490001,-0.02861814219082581,-0.00819785390945659,3.490930981072194,RND,3,0.08243692299163524,0.13752381803277944,0.7800392589755853
PRY,Paraguay,2021,149.9799580562,98.5036356037,41964030301.4411,MERCOSUR,-0.5225829700296508,-51.4763224525,-0.02001568613072611,0.0401673731776399,-0.4983070723148086,SD,2,0.6367631714289467,0.3632368285710533,0
PRY,Paraguay,2022,154.2155908608,97.3590115888,42037903094.7542,MERCOSUR,-0.5839888711292205,-56.856579272000005,-0.01162011947970181,0.00176038366149415,-6.600901686305708,SD,2,0.6899296131160926,0.3100703868839073,0
PRY,Paraguay,2023,157.29682351679998,99.9124569567,44139473679.5817,MERCOSUR,-0.5743464659764015,-57.38436656009998,0.0262271085771144,0.04999227911274549,0.5246231826711781,WD,2,0,1,0
PRY,Paraguay,2024,156.5955365682,100.7555712315,46015383701.3623,MERCOSUR,-0.5542121855316554,-55.8399653367,0.00843853009405413,0.04249960104640675,0.1985555131409309,WD,2,0,1,0
ROU,Romania,1995,221.0417884216,201.5531908656,103718335742.553,EU,-0.09669208149125978,-19.48859755600003,0.04712490140029636,0.06233511483713542,0.7559928544837179,WD,2,0,1,0
ROU,Romania,1996,213.429517559,198.8488055652,107771339314.171,EU,-0.07332562019850378,-14.58071199379998,-0.01341772506198293,0.03907702088161416,-0.3433661205298281,SD,1,0.23601510906751916,0.7639848909324808,0
ROU,Romania,1997,217.366253362,198.5436743062,102545439457.276,EU,-0.09480321708346771,-18.82257905579999,-0.0015344887696595,-0.04849062737970301,0.03164505910892396,RD,3,0,0.474181245023076,0.525818754976924
ROU,Romania,1998,188.3538515821,183.1350787262,100463958892.948,EU,-0.02849684993284332,-5.218772855899971,-0.07760809118620621,-0.02029812905717001,3.823411062547771,RND,3,0.053972596040139494,0.0480833709659951,0.8979440329938655
ROU,Romania,1999,176.9044621306,169.7828323397,100085550636.348,EU,-0.04194552354180953,-7.121629790899988,-0.07290927810975278,-0.00376660705759379,19.356751844544437,RND,3,0.05576927646162265,0.01639525337021193,0.9278354701681655
ROU,Romania,2000,169.8428693412,169.82485712599998,102548919722.127,EU,-1.0606347919161448e-4,-0.0180122152000024,2.47520822458027e-4,0.02461263459227421,0.01005665693894153,WD,2,0,1,0
ROU,Romania,2001,190.61133995089995,191.5952117341,107900062083.039,EU,0.0051351585162028,0.983871783200044,0.12819298055965797,0.05218136256736584,2.4566813561865417,END,2,0.26004295415255635,0.7399570458474437,1.6477018930074916e-21
ROU,Romania,2002,179.04918997229998,178.2846548253,114053593614.452,EU,-0.0042882835191236,-0.7645351469999753,-0.06947228371903501,0.05702991650437872,-1.2181726360006326,SD,2,0.3084666139446441,0.6915333860553559,0
ROU,Romania,2003,193.4193767572,192.9968259433,116723756275.208,EU,-0.0021894184623749,-0.4225508139000169,0.08252068094372086,0.02341147329195293,3.524796577927675,END,2,0.38694879728888393,0.6007842088914267,0.012266993819689315
ROU,Romania,2004,225.3318921194,230.4520078419,128895841498.556,EU,0.02221770932025302,5.120115722500003,0.19407149167108,0.10428113018098052,1.861041315281756,END,2,0.47461060490359513,0.5103433595539689,0.015046035542435993
ROU,Romania,2005,210.89899170180001,240.1550624545,134912890211.095,EU,0.12182158666025572,29.2560707527,0.04210444813853265,0.04668148050848025,0.9019518592792676,EC,2,0.297886005545046,0.702113994454954,0
ROU,Romania,2006,227.1745936956,253.9665195072,145744791283.304,EU,0.10549392834767114,26.79192581159998,0.05751058050386387,0.0802881107599175,0.7163025753070164,WD,2,0,1,0
ROU,Romania,2007,231.7451870926,310.5639816791,156287689281.09,EU,0.25379245255794664,78.81879458649999,0.22285402927016704,0.07233807743627932,3.080729225441099,END,2,0.26004295415255635,0.7399570458474437,1.6477018930074916e-21
ROU,Romania,2008,266.2272785179,333.8867844617,170834114652.888,EU,0.2026420604004505,67.65950594380001,0.07509822181085718,0.09307467170773535,0.8068599161614429,EC,2,0.1381738202996001,0.8618261797004,0
ROU,Romania,2009,214.8329187796,248.1468055822,161409698529.133,EU,0.13425071793464852,33.313886802599995,-0.25679356856765684,-0.05516706158429863,4.654834990173632,RND,2,0.2370277728012155,0.39541704266105276,0.3675551845377316
ROU,Romania,2010,218.0358383852,251.0609957877,155105339843.99,EU,0.1315423660249737,33.025157402500014,0.01174381511244022,-0.03905811573029563,-0.3006754138764321,SND,2,0,0.4910059193179367,0.5089940806820633
ROU,Romania,2011,265.9127777718,297.7402102301,162078238594.701,EU,0.10689665475047216,31.827432458299995,0.1859277833896288,0.04495589099462705,4.135782414185722,END,2,0.35093003713099197,0.5704441205984847,0.07862584227052333
ROU,Romania,2012,249.0047520003,279.1734149882,165163587446.019,EU,0.1080642402471424,30.168662987900035,-0.06235904524804074,0.01903616967996157,-3.275818943433931,SD,2,0.43846826874111833,0.5615317312588817,0
ROU,Romania,2013,232.6080676303,256.36987491409997,165624017079.639,EU,0.09268564526842978,23.761807283799985,-0.08168234813857153,0.00278771877469953,-29.300784885439345,SD,2,0.49776668006780284,0.5022333199321971,0
ROU,Romania,2014,234.463593787,263.0842648721,172441103432.375,EU,0.10878898857373358,28.620671085099985,0.02619024548125933,0.04116001092678515,0.6363031712466299,WD,2,0,1,0
ROU,Romania,2015,257.4657353612,280.24926712580003,177885131240.315,EU,0.08129738214220843,22.783531764600017,0.06524526376385494,0.03157036054385345,2.066661977877151,END,2,0.26004295415255635,0.7399570458474437,1.6477018930074916e-21
ROU,Romania,2016,241.4113509191,267.5190509296,182972525962.275,EU,0.0975919282001732,26.107700010499997,-0.04542461904275249,0.02859932523020794,-1.588310866676424,SD,2,0.3084666139446441,0.6915333860553559,0
ROU,Romania,2017,261.7336318729,294.7082237645,197967999561.02,EU,0.1118889438183777,32.97459189160003,0.10163452935564991,0.08195478266412926,1.2401293256084038,END,2,0.38694879728888393,0.6007842088914267,0.012266993819689315
ROU,Romania,2018,297.8732367864,336.4318054777,208647427408.285,EU,0.11461035509573957,38.55856869129997,0.1415758989696232,0.05394522281856608,2.624438116527673,END,2,0.47461060490359513,0.5103433595539689,0.015046035542435993
ROU,Romania,2019,297.9833004364,338.36929136599997,216910469745.256,EU,0.11935477586208064,40.385990929599984,0.00575892604906646,0.03960289584976161,0.14541679151225836,WD,2,0,1,0
ROU,Romania,2020,258.3972179124,314.2636805858,209105975817.662,EU,0.17776938960704178,55.86646267340001,-0.07124053924304244,-0.03598025460347662,1.9799898591089669,RND,2,0.37478016580461104,0.625219834195389,1.7633614458113954e-19
ROU,Romania,2021,289.31972823030003,352.9549907015,220789460074.341,EU,0.18029285361491704,63.63526247119995,0.123117345420183,0.05587350725388585,2.2035012919583727,END,2,0.4572350830777588,0.528269717615361,0.014495199306880306
ROU,Romania,2022,297.9520159759,355.5201575332,230035489109.198,EU,0.1619265190383025,57.56814155730001,0.00726768823016708,0.04187713051041389,0.17354790410865856,WD,2,0,1,0
ROU,Romania,2023,305.7248409622,370.5847185044,235229078939.709,EU,0.17502037807700355,64.85987754220002,0.04237329628712592,0.02257734165551132,1.8768062659308808,END,2,0.26004295415255635,0.7399570458474437,1.6477018930074916e-21
ROU,Romania,2024,313.51435305589996,381.23272198689995,237383786157.719,EU,0.17763000137571336,67.71836893099999,0.02873298047872297,0.00916003764382483,3.1367753710153226,END,2,0.33306620895343686,0.656374975111728,0.01055881593483514
SVK,Slovakia,1995,66.6318744011,71.42093580529999,41585644560.5088,EU,0.06705402764891522,4.789061404199984,0.08239048846811867,0.058434942995337,1.409952405955,END,2,0,1,0
SVK,Slovakia,1996,72.8675148801,78.7279832687,44130510842.8744,EU,0.07443945780496009,5.8604683885999975,0.10230960125361128,0.06119578785565574,1.671840576592165,END,2,0.26004295415255635,0.7399570458474437,1.6477018930074916e-21
SVK,Slovakia,1997,75.3893528648,84.4661251919,46551440140.7428,EU,0.10746050332578096,9.076772327100002,0.07288567145960825,0.05485840185462751,1.3286145603138833,END,2,0.33306620895343686,0.656374975111728,0.01055881593483514
SVK,Slovakia,1998,78.3178205897,83.2078323317,48332548393.0038,EU,0.05876864719304834,4.890011741999999,-0.01489701175875257,0.03826107735606096,-0.3893516018934768,SD,2,0.3917544466649588,0.6082455533350412,0
SVK,Slovakia,1999,77.2812412626,86.53172651199999,48103809189.8384,EU,0.10690281613781454,9.250485249399986,0.03994689066108108,-0.00473261209621026,-8.440770096722991,SND,2,0,0.8017434033755915,0.1982565966244085
SVK,Slovakia,2000,68.11565845739999,69.3199389807,48483456226.779,EU,0.01737278683461202,1.2042805233000138,-0.19890724737721607,0.00789224477925119,-25.202873572819957,SD,2,0.23601510906751919,0.7639848909324809,0
SVK,Slovakia,2001,51.0881310011,62.0277811698,49901675269.4696,EU,0.17636694336611672,10.939650168699998,-0.10519567556068214,0.02925160772484839,-3.596235685579821,SD,2,0.2816676147798261,0.7183323852201738,0
SVK,Slovakia,2002,53.4503576773,63.379313536,52105958758.2435,EU,0.15665925212427975,9.9289558587,0.02178914577808611,0.04417253482715255,0.4932736113819866,WD,2,0,1,0
SVK,Slovakia,2003,52.1084651422,63.3093411563,54636588083.9574,EU,0.1769229597011117,11.200876014099997,-0.00110402552183296,0.04856698515913088,-0.02273201678497441,SD,2,0.23601510906751916,0.7639848909324808,0
SVK,Slovakia,2004,58.082623797,70.8284473694,57581226217.4214,EU,0.17995345155492673,12.7458235724,0.11876772172587612,0.05389498569967659,2.2036877862385036,END,2,0.30547934269574595,0.6848363961432254,0.009684261161028605
SVK,Slovakia,2005,65.3400586509,83.8418497437,61315329710.646,EU,0.2206748914695819,18.50179109279999,0.18373129522986237,0.0648493222274387,2.833203014604877,END,2,0.38694879728888393,0.6007842088914267,0.012266993819689315
SVK,Slovakia,2006,66.8571665748,83.2166147912,66788144152.8851,EU,0.1965887251896478,16.359448216399997,-0.00745731343489324,0.08925687047702312,-0.08354890099819187,SD,2,0.4497957603975743,0.5502042396024257,0
SVK,Slovakia,2007,67.5615440719,89.2944585979,74013706023.7143,EU,0.2433848064846334,21.732914526,0.073036422136973575,0.10818629507490311,0.6750986535439315,WD,2,0,1,0
SVK,Slovakia,2008,71.13853805490001,97.1914405393,77983340266.5833,EU,0.2680575814067219,26.05290248439998,0.08843753649888549,0.05363377212319453,1.6489150958047134,END,1,0.26004295415255635,0.7399570458474437,1.6477018930074916e-21
SVK,Slovakia,2009,64.38374440919999,80.80182916439999,73690093871.6194,EU,0.2031895184179017,16.4180847552,-0.1686322507821331,-0.05505337909722238,3.0630681267417628,RND,1,0.2217586107004572,0.2562103455949873,0.5220310437045556
SVK,Slovakia,2010,62.1821899675,80.2847463752,78694079820.7688,EU,0.22547939957485985,18.1025564077,-0.00639939459969314,0.067905815914242,-0.09423927116603552,SD,1,0.5234922355185474,0.47650776448145254,0
SVK,Slovakia,2011,63.230465476400006,82.43279881020001,80710556384.8384,EU,0.23294530345879705,19.20233333380001,0.02675542406226677,0.02562424732155532,1.0441447792208864,EC,1,0.3338645515591879,0.6661354484408121,0
SVK,Slovakia,2012,67.0159394415,75.7065488349,81977043067.5237,EU,0.11479336368049736,8.69060939340001,-0.08159676818431305,0.01569171047027021,-5.199991953643787,SD,1,0.38881164769045035,0.6111883523095497,0
SVK,Slovakia,2013,65.8886512018,76.58890023800001,82553606913.1151,EU,0.13971017997319432,10.700249036200006,0.01165488873392215,0.00703323545247283,1.657116246524119,END,1,0.4716156309788784,0.5134332797012403,0.01495108931988138
SVK,Slovakia,2014,66.2556061217,81.02124551819999,84789118561.7889,EU,0.18224404354760448,14.765639396499992,0.05787190136464251,0.02707951514494816,2.137109953958642,END,1,0.5600123376100882,0.4222342336868268,0.017753428703085068
SVK,Slovakia,2015,66.5172133112,78.8304017245,89178548717.3324,EU,0.15619847348149626,12.313188413300011,-0.02704036181729456,0.0517687909722138,-0.5223294056028488,SD,1,0.6273455909799386,0.3726544090200614,0
SVK,Slovakia,2016,77.7261897309,87.136282628,90915584911.6973,EU,0.107992820135251,9.4100928971,0.10536392967433755,0.0194781841524552,5.409330194727445,END,1,0.6929539883533876,0.28507808629830356,0.021967925348308773
SVK,Slovakia,2017,64.76554788840001,82.33416722669999,93529165482.8938,EU,0.21338187935910388,17.568619338299982,-0.05511040012805094,0.02874733274537,-1.9170613363052589,SD,1,0.7552197637111009,0.24478023628889906,0
SVK,Slovakia,2018,74.0130570887,87.2636655811,97328432250.4869,EU,0.15184565539577663,13.250608492400003,0.05987184325101709,0.04062119818964885,1.4739063818721554,END,1,0.7960678757717481,0.17869529759753183,0.025236826630720143
SVK,Slovakia,2019,74.4611985775,90.6993073279,99543529164.3085,EU,0.17903233474204272,16.238108750400002,0.03937081629475017,0.02275899100193847,1.729901659146348,END,1,0.8423440120813068,0.13095212202570944,0.026703865892983705
SVK,Slovakia,2020,69.89536658140001,87.6592990508,96969818857.1148,EU,0.20264743913940608,17.76393246939999,-0.03351743653465437,-0.02585512417331998,1.2963556589390184,RND,1,0.29137695978705463,0.022706863390582012,0.6859161768223633
SVK,Slovakia,2021,72.9593195784,92.0736590934,102454294896.646,EU,0.2075983479228333,19.114339515,0.05035814899731061,0.0565585880655565,0.8903713957452576,EC,1,0.39439494059339414,0.6056050594066058,0
SVK,Slovakia,2022,75.5273479412,89.7503739878,103012252413.418,EU,0.15847316746037593,14.223026046599998,-0.02523289644917055,0.00544591632136905,-4.633361028732665,SD,1,0.45253640264538186,0.5474635973546181,0
SVK,Slovakia,2023,77.83481981550001,94.4577236274,105188526684.47,EU,0.17598247314821028,16.622903811899988,0.05244935960088454,0.02112636332150066,2.482649701830411,END,1,0.5348900422679892,0.448152952338307,0.016957005393703737
SVK,Slovakia,2024,80.1444272837,97.0775734641,107227789781.413,EU,0.17442902182409828,16.9331461804,0.02773568678231454,0.01938674455494649,1.4306520985875284,END,1,0.6203625186533023,0.3599708400866512,0.01966664126004656
SVN,Slovenia,1995,22.6547566544,30.726345329100003,26422998604.2834,EU,0.2626927670130571,8.071588674700003,0.12605979822123414,0.04107158355677939,3.0692704615823456,END,2,0,1,0
SVN,Slovenia,1996,24.115825107299997,30.5775033205,27192863782.3938,EU,0.21132131506851692,6.461678213200003,-0.00484411689726857,0.0291361775262553,-0.1662578041647167,SD,2,0.23601510906751916,0.7639848909324808,0
SVN,Slovenia,1997,24.420404856,31.3177523248,28599098754.7261,EU,0.220237627441038,6.897347468800003,0.02420894199703078,0.05171338273105234,0.4681368867887662,WD,2,0,1,0
SVN,Slovenia,1998,38.393368397699994,43.6938721893,29475325366.1332,EU,0.1213100035775274,5.300503791600008,0.39517905806731735,0.03063825958020097,12.898221487838349,END,2,0.26004295415255635,0.7399570458474437,1.6477018930074916e-21
SVN,Slovenia,1999,36.539063726,42.6551449344,31028087570.9532,EU,0.14338437292396994,6.116081208399997,-0.02377283593451743,0.05268007004272478,-0.4512681155366176,SD,2,0.3084666139446441,0.6915333860553559,0
SVN,Slovenia,2000,42.2278971192,45.5269941175,32113425072.0193,EU,0.0724646347128784,3.299096998300002,0.06732714629188728,0.03497919420860894,1.924776937123297,END,2,0.38694879728888393,0.6007842088914267,0.012266993819689315
SVN,Slovenia,2001,39.0714868494,41.9288833381,33021812643.9619,EU,0.06814864268287205,2.8573964887000045,-0.07903246961821567,0.02828684794304566,-2.793965229966382,SD,2,0.4497957603975743,0.5502042396024257,0
SVN,Slovenia,2002,46.3312502229,47.2032232654,34105781287.8601,EU,0.01847274364289339,0.8719730424999952,0.12579252074923022,0.03282583713939176,3.8321191997347808,END,2,0.5322353649817658,0.45089178781313705,0.016872847205097047
SVN,Slovenia,2003,50.810389740000005,51.4445534117,35195471631.5843,EU,0.01232712949464086,0.6341636716999943,0.08985255355239478,0.0319503117236042,2.812259058055251,END,2,0.6178870458711948,0.3625247899425516,0.01958816418625364
SVN,Slovenia,2004,50.2438951301,51.897850117,36795465565.4736,EU,0.03186943164642222,1.653954986899997,0.00881136437656206,0.04546022143523361,0.19382581294979973,WD,2,0,1,0
SVN,Slovenia,2005,47.5027181529,48.9400884996,38213609800.3921,EU,0.02936999892658036,1.4373703467,-0.05699198735076565,0.03854127711456888,-1.478725969078546,SD,2,0.23601510906751916,0.7639848909324808,0
SVN,Slovenia,2006,50.204279447400005,50.049634699600006,40471568430.3753,EU,-0.00308982770260329,-0.15464474779999904,0.0226715200976613,0.05908781300111647,0.3836919822575413,WD,2,0,1,0
SVN,Slovenia,2007,42.3969417203,48.3811420596,43360927307.906,EU,0.12368869531703398,5.984200339300003,-0.03333675959903336,0.07139231291471615,-0.46695166801581006,SD,2,0.23601510906751916,0.7639848909324808,0
SVN,Slovenia,2008,43.5414123225,49.042238476,44823161262.4126,EU,0.11216507085401416,5.5008261535,0.0136643408620988,0.03372238661141341,0.4052008838981189,WD,2,0,1,0
SVN,Slovenia,2009,37.4389762041,43.877883658,41420820595.9101,EU,0.14674608064707859,6.438907453900001,-0.10530422302251356,-0.07590586140463945,1.387300283191006,RND,1,0.37478016580461104,0.625219834195389,1.7633614458113954e-19
SVN,Slovenia,2010,34.9463030558,41.7516394652,41881476947.431,EU,0.16299566907000737,6.805336409399999,-0.04845822121624445,0.01112137193067542,-4.357216134691532,SD,1,0.4320931560788441,0.5679068439211559,0
SVN,Slovenia,2011,36.7367711396,42.9186111456,42155984116.073,EU,0.14403634789178762,6.1818400059999945,0.027950319923908,0.00655438128379654,4.264371984737226,END,1,0.5149463538054246,0.4687288926771565,0.016324753517418824
SVN,Slovenia,2012,32.4245779997,39.3407037224,40926910455.6051,EU,0.17580076278000245,6.916125722700002,-0.08336493953781653,-0.02915537820404674,2.8593331547400584,RND,3,0.2685547159751281,0.09925382940918166,0.6321914546156903
SVN,Slovenia,2013,30.4698104764,37.4505478325,40589764218.782,EU,0.18639880482714968,6.980737356100001,-0.04804580780347797,-0.00823776417691776,5.832384463991145,RND,3,0.05753408929470733,0.01636460984969504,0.9261013008555977
SVN,Slovenia,2014,34.5537874632,39.0950045013,41711191731.4298,EU,0.11615849891893448,4.541217038099994,0.0439100831356309,0.02762833276397523,1.589313532262271,END,2,0.5795418989996128,0.2906117922818938,0.12984630871849337
SVN,Slovenia,2015,35.289931643399996,37.4110285506,42709468274.8137,EU,0.05669710214813078,2.1210969072000054,-0.04307394185474513,0.02393306213381778,-1.7997672681374524,SD,2,0.7168108870377455,0.28318911296225446,0
SVN,Slovenia,2016,36.2315437363,37.90286660540001,44005450729.606,EU,0.04409489357361421,1.6713228691000095,0.0131468733647559,0.03034414866636403,0.4332589294004148,WD,2,0,1,0
SVN,Slovenia,2017,37.5991224152,37.6739771081,46282469720.8281,EU,0.0019869071079279,0.07485469289999713,-0.00603884396615531,0.05174402155799681,-0.11670611955405776,SD,2,0.23601510906751916,0.7639848909324808,0
SVN,Slovenia,2018,35.2929935413,38.268580561,48309217703.4135,EU,0.07775535376748359,2.9755870197000007,0.01578286919891348,0.04379083473311961,0.36041489720625675,WD,2,0,1,0
SVN,Slovenia,2019,33.9119850647,40.781055802599994,50002578162.6734,EU,0.168437785700047,6.869070737899996,0.0656537348594656,0.03505253323819092,1.8730097027034165,END,1,0.26004295415255635,0.7399570458474437,1.6477018930074916e-21
SVN,Slovenia,2020,33.4726325517,37.4580964147,47959972369.9892,EU,0.10639792847123831,3.985463863,-0.0814829170677856,-0.04085000949429036,1.9946853887310487,RND,1,0.2217586107004572,0.2562103455949873,0.5220310437045556
SVN,Slovenia,2021,34.3853119219,42.7698851485,51996698295.6593,EU,0.1960391803131616,8.384573226600004,0.14180615787286643,0.0841686457725333,1.684786021817425,END,1,0.495802965932372,0.3967211121738752,0.1074759218937528
SVN,Slovenia,2022,35.5905516973,42.2581814668,53384233078.3164,EU,0.15778316856200728,6.667629769499996,-0.0119641116622906,0.02668505555424715,-0.44834501610720506,SD,1,0.6133444768879194,0.3866555231120807,0
SVN,Slovenia,2023,36.6540643849,44.1709886562,54652553125.6646,EU,0.17017785881604658,7.516924271299999,0.04526477768341236,0.0237583266483857,1.9052174150694217,END,1,0.6810607113440997,0.29734840222486164,0.021590886431038625
SVN,Slovenia,2024,37.7005868491,45.4517369702,55598805913.7619,EU,0.1705358395033829,7.751150121100004,0.02899523766535005,0.01731397224794881,1.67467275851647,END,1,0.7495843809413287,0.22665240533952347,0.02376321371914773
SWE,Sweden,1995,127.2309859614,155.6150138647,309511442391.393,EU,0.18239903206241123,28.38402790329998,0.00664171498805515,0.04094389927724909,0.16221500895850666,WD,2,0,1,0
SWE,Sweden,1996,122.3583099895,161.396615725,314787745399.443,EU,0.2418780936647177,39.0383057355,0.03715323937397742,0.01704719853742219,2.1794337229321425,END,2,0.26004295415255635,0.7399570458474437,1.6477018930074916e-21
SWE,Sweden,1997,123.0987379234,159.34130850780002,324435964184.782,EU,0.22745244735219364,36.24257058440003,-0.01273451248012518,0.03064991863992702,-0.4154827498803275,SD,2,0.3084666139446441,0.6915333860553559,0
SWE,Sweden,1998,168.12022356920002,171.7273843982,338210969503.89,EU,0.02100515792307024,3.60716082899998,0.07773298717321415,0.04245831794178804,1.830807034790898,END,2,0.38694879728888393,0.6007842088914267,0.012266993819689315
SWE,Sweden,1999,168.4250820442,196.7897943336,352419615811.858,EU,0.14413711028792417,28.364712289400018,0.14594300159656254,0.04201119298055331,3.473907576586043,END,2,0.47461060490359513,0.5103433595539689,0.015046035542435993
SWE,Sweden,2000,166.5481872249,193.9604495968,368740595935.982,EU,0.14132913400068883,27.4122623719,-0.01437749730051385,0.04631121365513635,-0.31045390880010443,SD,2,0.5413698151543163,0.45863018484568374,0
SWE,Sweden,2001,163.5102172959,185.1365903668,373758441664.22,EU,0.116813067735843,21.62637307090003,-0.04549308505080712,0.01360806426941159,-3.3430974567828233,SD,2,0.5997217658808897,0.4002782341191103,0
SWE,Sweden,2002,164.0067636868,191.7211771781,382271644878.765,EU,0.14455582789143104,27.71441349129998,0.03556610175359908,0.02277728678618903,1.5614722722446694,END,2,0.6693678718858479,0.30941192635864156,0.021220201755510586
SWE,Sweden,2003,167.6370370545,200.8261079475,389462280395.789,EU,0.165262730190819,33.18907089299998,0.04749048020366547,0.01881027696758531,2.524709247264308,END,2,0.7397346177397607,0.23681442428439822,0.023450957975841118
SWE,Sweden,2004,163.6863254825,203.1675772953,405740184306.611,EU,0.19432850624297604,39.481251812800025,0.01165918799966042,0.04179584193437086,0.2789556917639808,WD,2,0,1,0
SWE,Sweden,2005,190.8687303762,212.7851775437,417073066879.505,EU,0.102997997419247,21.916447167500024,0.04733826320339008,0.02793137828401515,1.6948058460287758,END,1,0.26004295415255635,0.7399570458474437,1.6477018930074916e-21
SWE,Sweden,2006,186.6859181708,210.2646790067,436575715827.722,EU,0.11213847683446963,23.578760835900027,-0.01184527308760672,0.04676074888779959,-0.2533165821622949,SD,1,0.3084666139446441,0.6915333860553559,0
SWE,Sweden,2007,174.41162247949998,221.0999864821,450654706998.622,EU,0.2111640292044064,46.688364002600025,0.05153175286779741,0.0322486814096086,1.5979491444398517,END,1,0.38694879728888393,0.6007842088914267,0.012266993819689315
SWE,Sweden,2008,185.0265884961,224.2766792608,446494653686.263,EU,0.17500745460502404,39.25009076469999,0.01436767513758834,-0.00923113250067912,-1.5564368875142165,SND,3,0,0.8017434033755915,0.19825659662440853
SWE,Sweden,2009,157.2518979621,199.2649935618,427493565399.86,EU,0.21084032297258504,42.013095599699994,-0.11152156248004357,-0.04255613842076248,2.620575235877932,RND,3,0.10399928205141493,0.17349481059390992,0.7225059073546751
SWE,Sweden,2010,175.252569097,219.9873185758,452077714777.655,EU,0.20335149211515105,44.73474947880001,0.10399380565344105,0.05750764775792599,1.8083474060910112,END,1,0.5795418989996128,0.2906117922818938,0.12984630871849334
SWE,Sweden,2011,179.90678875560002,232.9244873457,466380936831.165,EU,0.2276175390327793,53.01769859009997,0.05880870249092238,0.03163885674069267,1.85874928961276,END,1,0.7251690703464782,0.25184172651735376,0.02298920313616812
SWE,Sweden,2012,187.5332022587,231.7884264579,464448264944.252,EU,0.19092939572303497,44.25522419919997,-0.00487737850470779,-0.00414397702454252,1.17698010288709,RC,3,0.32792760542471017,0,0.6720723945752899
SWE,Sweden,2013,189.0954697214,230.3659363715,469732138276.917,EU,0.17915177608353144,41.27046665010002,-0.00613701947132532,0.01137666718014159,-0.5394391322300193,SD,2,0.6754484542916759,0.32455154570832423,0
SWE,Sweden,2014,192.4225366422,232.2094280273,480516119003.081,EU,0.17134055117013772,39.786891385100006,0.00800244899413897,0.0229577238758286,0.3485732748342914,WD,2,0,1,0
SWE,Sweden,2015,192.8820010419,228.6244344809,501602351911.6,EU,0.15633689163695244,35.742433438999996,-0.01543862183743256,0.04388246736085825,-0.3518175427665975,SD,2,0.23601510906751916,0.7639848909324808,0
SWE,Sweden,2016,197.0331379846,234.3831846155,512292396637.964,EU,0.15935463413116363,37.35004663089998,0.02518869056002459,0.02131179147311489,1.181913336182951,EC,2,0.12352679706873655,0.8764732029312634,0
SWE,Sweden,2017,210.4766618711,243.2745766076,521937949816.044,EU,0.13481850505654264,32.79791473649999,0.03793528109401759,0.0188282184966655,2.0148099035889113,END,2,0.25880748897157363,0.7364415067760369,0.004751004252389503
SWE,Sweden,2018,223.6129640819,246.2477111475,531177584320.755,EU,0.09191860894918943,22.63474706560001,0.01222131215419046,0.01770255354677215,0.6903700148060771,WD,2,0,1,0
SWE,Sweden,2019,228.6978491071,242.2202997638,545031918111.884,EU,0.05582707423732173,13.522450656699988,-0.01635512210421169,0.0260823012869514,-0.6270582462903271,SD,2,0.23601510906751916,0.7639848909324808,0
SWE,Sweden,2020,223.5310073957,251.1411666417,534492107010.626,EU,0.10993880300552664,27.610159245999995,0.03682955923429684,-0.01933797040322028,-1.9045204055211369,SND,2,0,0.8939685858594858,0.10603141414051422
SWE,Sweden,2021,226.4231974597,256.5846509737,562423939232.591,EU,0.11754971858036647,30.161453513999987,0.02167499818843368,0.05225864302877286,0.41476389229050087,WD,2,0,1,0
SWE,Sweden,2022,235.2575264367,250.9357060721,569484812988.256,EU,0.06247887110531532,15.678179635400028,-0.02201591124084423,0.01255436204458041,-1.7536463551605377,SD,2,0.23601510906751916,0.7639848909324808,0
SWE,Sweden,2023,243.2994492428,254.4955280906,568322714847.714,EU,0.0439932242888536,11.19607884780001,0.01418619165132751,-0.00204061304891366,-6.951926362952374,SND,2,0,0.8939685858594858,0.10603141414051422
SWE,Sweden,2024,251.384477188,259.2958805847,572983369203.274,EU,0.03051110329581848,7.9114033966999955,0.0188622272859391,0.00820071806703857,2.300070205041276,END,2,0.2570434358123114,0.7314218608152401,0.011534703372448494
URY,Uruguay,1995,62.7686572473,40.0798108187,31329539981.1782,MERCOSUR,-0.5660916547543702,-22.68884642859999,0.00891046068649978,-0.01447598968944173,-0.6155337823291455,SND,2,0,1,0
URY,Uruguay,1996,81.0431879102,53.493460679399995,33077088488.9395,MERCOSUR,-0.5150111224979924,-27.54972723080001,0.3346734824018083,0.05577957763858554,5.9999285862340015,END,1,0.26004295415255635,0.7399570458474437,1.6477018930074916e-21
URY,Uruguay,1997,104.3496573754,73.3325879195,35904413225.1269,MERCOSUR,-0.4229643373550193,-31.017069455900018,0.37087013979149663,0.08547683201116137,4.338838151407732,END,1,0.33306620895343686,0.656374975111728,0.01055881593483514
URY,Uruguay,1998,105.0522846557,79.2997879139,37526894198.668,MERCOSUR,-0.3247486206364239,-25.752496741799987,0.08137173613660587,0.04518890096790783,1.800701818227319,END,1,0.4172680583464725,0.569503771082245,0.013228170571282413
URY,Uruguay,1999,115.0664900849,86.0940013347,36956130432.4805,MERCOSUR,-0.3365215729440457,-28.972488750200014,0.08567757366737008,-0.01520945919920436,-5.633176863504261,SND,3,0,0.7804549556094587,0.21954504439054126
URY,Uruguay,2000,112.5836120021,82.1766984297,36242902749.5716,MERCOSUR,-0.37001868112786657,-30.406913572400015,-0.04550030018666515,-0.019299306354922,2.3576132400769403,RND,3,0.09459593660245873,0.15780785963198674,0.7475962037655546
URY,Uruguay,2001,103.6084921114,74.2626921669,34849678466.8177,MERCOSUR,-0.39516208055785873,-29.3457999445,-0.09630474835357648,-0.03844129959403891,2.505241741840342,RND,3,0.05576927646162264,0.016395253370211926,0.9278354701681654
URY,Uruguay,2002,103.6614740694,71.47335634550001,32155098813.2195,MERCOSUR,-0.4503512829074882,-32.18811772389999,-0.03756039190083708,-0.07732007215400451,0.4857780244439642,RD,3,0,0.027749164385221424,0.9722508356147785
URY,Uruguay,2003,92.4602967536,56.1476694986,32414038652.1022,MERCOSUR,-0.6467343627842904,-36.31262725500001,-0.21442517366633948,0.00805283915894058,-26.627276347407975,SD,2,0.6367631714289467,0.3632368285710533,0
URY,Uruguay,2004,112.6538492855,72.0111179365,34036089123.994,MERCOSUR,-0.5643952283151484,-40.642731349,0.2825308437475849,0.05004160355644552,5.64591906869847,END,2,0.7008838392022056,0.276896844485009,0.022219316312785363
URY,Uruguay,2005,137.9464914624,93.5607592161,36575226344.6127,MERCOSUR,-0.474405430419616,-44.38573224629998,0.29925436373037073,0.07460132130247356,4.011381548016206,END,2,0.7661004455836754,0.20961275084675532,0.024286803569569203
URY,Uruguay,2006,138.0633326965,90.2564090269,38074290288.9132,MERCOSUR,-0.5296789910548253,-47.80692366960001,-0.03531769319622386,0.04098577354453752,-0.8617061517173905,SD,2,0.8226636190402631,0.17733638095973694,0
URY,Uruguay,2007,139.2108436816,93.3916051224,40564924117.3376,MERCOSUR,-0.4906141028323569,-45.819238559200016,0.03473654812220126,0.06541510845048225,0.5310172060403453,WD,2,0,1,0
URY,Uruguay,2008,140.8721456095,87.34900762960001,43475921755.0631,MERCOSUR,-0.6127503841470383,-53.523137979899985,-0.0647017200837323,0.07176144664551044,-0.9016222931422772,SD,2,0.23601510906751916,0.7639848909324808,0
URY,Uruguay,2009,140.6271180857,89.22052414640001,45320819970.7986,MERCOSUR,-0.576174534179468,-51.406593939299995,0.02142573301732392,0.04243494194624278,0.504907796138059,WD,2,0,1,0
URY,Uruguay,2010,137.5842295731,95.5182493436,48857389210.184,MERCOSUR,-0.44039731170301794,-42.0659802295,0.07058605917699155,0.07803409650717053,0.9045540646517952,EC,2,0.09993963160967073,0.9000603683903293,0
URY,Uruguay,2011,138.1869603572,92.050033525,51379472633.5779,MERCOSUR,-0.5012157526229429,-46.1369268322,-0.03630945753752324,0.05162133024636106,-0.7033808963123882,SD,1,0.23601510906751919,0.7639848909324809,0
URY,Uruguay,2012,141.6693819889,84.030308122,53197370201.0395,MERCOSUR,-0.6859319590166957,-57.639073866900006,-0.08712354679177733,0.035381787205685467,-2.4623840024049866,SD,1,0.2816676147798261,0.7183323852201738,0
URY,Uruguay,2013,139.6221662197,91.8577418555,55664418793.7377,MERCOSUR,-0.5199825665139635,-47.76442436420001,0.0931501253349647,0.04637538629024179,2.0086113084208455,END,1,0.35740617337055325,0.6312633887250689,0.01133043790437783
URY,Uruguay,2014,77.5200772086,41.7607777012,57467273107.5946,MERCOSUR,-0.8562891180633462,-35.7592995074,-0.5453755246139924,0.03238791229523658,-16.838860116778903,SD,1,0.41814261514247086,0.5818573848575291,0
URY,Uruguay,2015,76.513650829,39.9943289717,57680327998.6689,MERCOSUR,-0.9131125036037256,-36.5193218573,-0.04229922972553358,0.00370741257681402,-11.409366734652318,SD,1,0.4770273562083178,0.5229726437916822,0
URY,Uruguay,2016,73.0551867571,38.1723296909,58655009160.0858,MERCOSUR,-0.913825730539989,-34.8828570662,-0.04555644081662796,0.01689798229717753,-2.695969259255127,SD,1,0.5365576917672531,0.46344230823274685,0
URY,Uruguay,2017,73.973716135,40.0185420863,59675827116.7172,MERCOSUR,-0.8484860336859763,-33.9551740487,0.04836520092825577,0.01740376433742096,2.77900803473089,END,1,0.6135375735749262,0.36701214856939157,0.019450277855682093
URY,Uruguay,2018,67.70191204989999,36.419791580799995,59774159517.7554,MERCOSUR,-0.858931891460672,-31.282120469099993,-0.08992707674705641,0.00164777608940177,-54.574815914281594,SD,1,0.6796783569032055,0.32032164309679445,0
URY,Uruguay,2019,66.2237612635,40.1391397122,60329073609.8215,MERCOSUR,-0.6498550227615308,-26.084621551299996,0.10212436617459372,0.00928351141267437,11.000618368946874,END,1,0.7363247678890497,0.2403323726932073,0.023342859417742976
URY,Uruguay,2020,65.1773223394,30.4787523463,55890466349.1545,MERCOSUR,-1.1384511281450889,-34.69856999310001,-0.24067250656505215,-0.07357327064847222,3.2711948842802983,RND,3,0.2868143597668957,0.03801005581888537,0.6751755844142189
URY,Uruguay,2021,68.2140342544,30.6196423762,59156857853.7605,MERCOSUR,-1.2277867721741036,-37.5943918782,0.00462256552693524,0.05844273125581834,0.07909564504610725,WD,2,0,1,0
URY,Uruguay,2022,69.5767362572,31.6435879381,61810768801.3209,MERCOSUR,-1.1987625547805578,-37.9331483191,0.03344080735233834,0.04486227030720661,0.7454105002565253,WD,2,0,1,0
URY,Uruguay,2023,70.33587971099999,32.3928052169,62269484309.0206,MERCOSUR,-1.171342655877926,-37.94307449409999,0.02367674867545331,0.0074212878531596,3.1903827400217293,END,2,0.26004295415255635,0.7399570458474437,1.6477018930074916e-21
URY,Uruguay,2024,69.244358573,32.8720491026,64204978531.9491,MERCOSUR,-1.1064813561477411,-36.3723094704,0.01479476329669556,0.03108254780661663,0.47598296602784146,WD,2,0,1,0
